,0
0,si pri sabe mas robado pais
1,enrique pena venia gobernatura pri anos ahora gobiernos nuevos asi decirlo sabemos espera todas candidaturas muchas opciones seguir renovar
2,interesante que ofrece para importante salud educacion claro mas yo voy xochilt respeto mc de seguro lemus gana jalisco vamos mc vamos x
3,osea si xochilt opcion mas brillante
4,xochitl p r
5,maynez mas preparado luego galvez final cheunbam
6,xochil preparada
7,galvez solo ingenieria especializaciones cheunbam maestria aqui mas preparado maynez maestrias
8,xochitl jajajaja
9,galvez neta
10,si sabes xochitl copio tesis verdad
11,maruchan hoy mas preparada xochitl
12,xochitl presidente
13,xochitl galvez presidenta mexico
14,xochitl cierto
15,bueno tecnicamente ia s existen mediados s liberaron uso cotidiano aunque creo estudios xochil
16,exactamente sabian bien idiota mas votaron tenian algun tipo interes despensas daba pri votar guapo
17,hicieron coalicion unio prd pri pan vencer morena
18,xochitl habia problemas tesis
19,botarga telepronter puede hablar
20,dio cara xochitl nego
21,pregunta respetuosa xochitl cagado
22,checa trayectoria xochitl experiencia habla x si misma
23,maynez estrategia desviar votos oposicion asi votan desvian votos xochitl estrategia chaira
24,jajajaja si vamos votar xochil hacemos simpatiza realmente queremos presidente
25,bueno xochitl
26,neta no hecho ser pri quita toda credibilidad confianza pueda tener
27,recuerdo solo pri tambien pan prd
28,ser pan pri quita toda credibilidad puede decir mejores propuestas mundo pertenencia partidos evita totalmente creer puede cumplir mas minima palabra
29,mmm no puedo etiquetar buen video xochitl galvez si quieres
30,solo sopas autoritarismo destruccion democracia xochitl demostro q funciona peor nunca
31,xochitl dice cobol fortran especializo robotica
32,pues xochilt creo mejor
33,vamos xochitl
34,familia tambien apoya xochitl
35,equivocan primer trabajo xochitl vendiendo gelatinas
36,talvez robaron lados gente mala aca mejoro muchisimo
37,xochitl hermana carcel secuestro
38,urgen regresen pensiones millonarias expresidentes verdad bebe anda vota xochitl galvez hermana secuestradora
39,si pri robo mas
40,nah ninguno vale pena cuentas x importa pais hermano peje misma pruebas xochitl sabias
41,importa pais chamaco quieres siga dominando pri anos jajajaja ridiculo ves defendiendo indefendible
42,dijo q voy pri
43,dije ibas pri
44,q tenia q ver pri xd
45,pri pan robaban
46,robo mas pri pan anos q gobernando x dios gente mensa abrimos ojos
47,si sabes pena pri no
48,necesitamos pruebas reales publicalos investiga subelos hables habalr hace xochitl
49,alguien puede decir pregunto senor sientese nadie nombre xochitl aca puede ir
50,dijo pri xd vete sentar hijo debate perdiste jajaaja
51,tranquila dona belica solo pedi pruebas acusaciones comente pareces xochitl habla pruebas jajaja vaya estudiar senora
52,pri robo bandeja oro apuesto wue seguiras votando
53,bruuuu nadie dijo pri
54,pan ahora mismo enemigos buu
55,pesos jajaja imagina kilo tortilla si ganado pri pesotes salario minimo alto digo pena subio menos pesos sexenio jajaja
56,bruh q piensan q defiendo pri pan
57,iso echo gobiernos pan pri
58,diciendo pan pri
59,basto ver hizo pri anos
60,pri nadie dijo pri vato
61,hizo estimado alch llevo pais anos ultimos mejores mierda sexenios pri pan
62,dijo pri q traumado q hizo presidente rata layda marcela
63,nunca dije pri pan vv
64,vv q mejor q pan pri peorsito igual
65,basto ver hice pri mexico anos
66,dijo usted pri pri cuanto
67,ay wey estudia hecho pri pan
68,estudia ortografia logre comprender escribas primero hablaba pri pan wey
69,nunca dije pri vv solito llorando q nadie vino hablar
70,hoy esta digas pan pri mejor obsion sabiendo vendieron q pertenecia unidos
71,ay mijo lloras ardido lloro q voy pri partido dlv
72,peor pri pan
73,informate bien dicen q el presidente q ver gobierna estado tamaulipas pan deja q lleguen apoyos sabotear presidente sabemos
74,votaciones libres da si mejoras mas normal robadas tal vez tambien comparacion pri mueles aun tiempo irte pais primero informate
75,bueno q pri pan vendan empresas extranjero vdd
76,sano juicio vota xochitl maynez verdad ignorantes
77,fan botarga
78,quiero imaginar clase mente tan pequena pensar xochitl mejor opcion si recomiendo informes vez lee informate
79,deberias seguir consejo informarte odio xochitl
80,parecen mas ignorantes votantes xochitl increible corrupta ignorante ratota votantes
81,jajajajaja maestria votare xochitl muchas cosas menos ignorante
82,pues maynez xochitl buen voto castigo
83,xochitl compro maynez parece ser opcion tan mala
84,maynez indecisos quitarle todavia mas votos xochitl
85,voy votar nadie rey jajajaja solo dije mientras gane xochitl
86,exacto gane xochitl
87,propuesta pura boca pa ningun plan halla expresado ah hablado dde supone haria puras falsas promesas como siempre
88,xochitl presidenta
89,morenista favor ningun partido escuchar xochitl sorprende personas apoyan
90,jaja tantito peor xochilt administrar dinero campana pudo
91,buenas propuestas maynez igual pri disfrazado
92,aunque pesos menos roban xochitl acabo presupuesto intereses
93,uyyyy pri ase eso nmms
94,gente trabajo tenia trabajar quiero ver viejo dinero veas dificil pobre gente anos trabajo nego apoyos pri
95,verdad amiga crees votaron pri daba programa sociales
96,maynez va adar mas dinero es izquierda igual cs no quieres dinero vita xochitl
97,exacto supongo votaron xochitl quieren recuperar quitaron
98,cuales propuestas xochil cerrar refinerias
99,pues botarga trae bueno solo bulgaridad corrupcion estupides
100,pues adivina xochitl tambien prometio mantener pensiones
101,propuestas pri pan literalmente regalar dinero
102,pasa xochitl regalar dinero gente empresaria poblacion diversifica dicen buenos inversionistas
103,si xochitl tambien quiere seguir becas jajsj
104,seguro sabes ofrece xochitl solo haces dinero
105,solo votan estan igual mal pri pan sexenios pasados regalar dinero mueve economia aunque mayoria sabe
106,seguro regalaba dinero pri hablas asi ahorita regala dinero hablas mal
107,jajaj regalo pri
108,pues mejor xochitl si xochitl nadamas titere corruptos epn
109,cambio xochil hace cuanto metida politico estudios tiene sabe humanismo ambientalismo
110,se nadie sabe votan xochitl
111,votar xochitl gustaria saber propuestas soluciones solo odio personaje
112,supuesto voy xochitl galvez
113,siii xochitl presidenta
114,com xochilt peor corrupcion
115,pena tener pensamiento creerle xochitl realmente creer va cambiar mexico si sigue ideales fox
116,jaja empezar veo mananeras ser inteligente saber xochitl quiso quitar apoyos sociales escucho fox pension quiso quitar prianista
117,si vallanse lejos pueblo quieren ala botarga
118,ay vv mejor dona cochitl
119,claro recuerda votar julio dijo xochitl
120,hierbasanta soporto comentario tan soso de compatriotas ven senora mitomana xochitl solucion si puede campana imaginate frente nacion
121,pues xochitl galvez inpuso ningun partido millon firmas mexicanos avalan cuslicion yenar requisito unque asi prian mas corruptos estan mo
122,argumento apoyar xochitl
123,votaras cochitl
124,pues verdad querer ninguno peor mundo haber opcion tendra ser xochitl
125,cada libre votar criminal mas guste caso xochitl
126,nmms literal hermana comete actos privacion libertad es pri dejado pais sabes cambia discurso cada minutos y asi hace menos peor
127,roneco xochitl vallan
128,aunque xochitl mas fregada verdad
129,santa fe mexico jajaja solo cuantos van botar xochitl
130,afirma idiotas van xochitl galvez
131,pues clase alta si existe dejan ver verdad xochilt chiste vas negar
132,piensan polanco santa fe lomas sacaran adelante xochilt suficientes aspiracioninistas ricos pais
133,pues si ganaria xochil precidencia ganan zonas elite si pais mas pueblo zona elite
134,sion quevhacian gobiernos anteriores por mejor plan
135,votacion favor xochitl llegue conclusion alguna razon personas mas dinero votan
136,obvio santa fe votaran botarga privilegios estaran regreso
137,ay cosita piensa ahi votaran xochitl jaja
138,van votar xochilt preocupa intereses
139,caso personas santa fe estaran mas idiotas votaran xochitl seria estadistica
140,que cualquier manera fifis botarga perdera van llevar calle
141,confirmo contigo acostumbrandonos hagan mas pobres mas somos xochitl buena opcion
142,cualquier lugar fifi conservador resultado seria favor xochitl voto duro
143,gano xochil
144,dicen xochitl va ganar
145,jajaja xochilt siempre poquitos ignorantes venden patrias
146,xochitl van julio
147,xochitl presidenta
148,tampoco maynez o xochitl misma principio iba quitar pensiones becas ahora dice
149,plan quitar jueces angustiados corruptos
150,q xochitl votos
151,realidad medios tradicionales ayudan xochitl
152,si vdd hagan mitin xochitl
153,redes bots gana xoxhitl bien alucines
154,si quiera asi xochitl hizo propia encuesta instagram personal aun ahi perdio
155,bueno x va ganar xochitl
156,unica justificacion administraciones pasadas culpa mala planeacion ahora pregunto yo justifica xochitl casa roja miguel hidalgo
157,vamos xochitl galvez
158,si van llorar cochitl ganar creo
159,segun vida resulta siendo presidenta contemplado planes va ganar pobre xochitl galvez
160,planes vida aun presenta plan gobernaria claro quedara solamente planes
161,nomas metros casa mientras vivo metros xochitl galvez
162,xochitl galvez modestia aparte va mantenerte pueblo menos votare ty
163,q andan poniendo fox xochil
164,plan cartel
165,xochitl galvez televisa digital el compa canalred tv
166,seguro gente lleva xochitl gente verdad apoya puro malinchismo ojala quede vitacilina van ocupar
167,primero ensenate escribir bueno puede esperar alguien quiere apoya xochitl
168,vamos xochitl galvez
169,vamos xochil
170,jajajaja conoces representan mexico tambien votaran xochitl
171,apoco pan van mejorar jajaja
172,voy votar xochitl hidalgo mx
173,vamos xochil
174,coalicion pan pri prd unio votos entonces ganaron algo hoy coalicion desencanto votantes militantes
175,xochitl presidenta
176,sano juicio votara xochitl galvez
177,xochitl galvez
178,xochitl galvez elige libremente quiere ir mujer mas humana asumido poder dijo siga corrupcion
179,jaja fresnillo obvio pruebas dime solo ven mismos viejitos pri mineros
180,xochitl presidenta
181,xochilt presidenta
182,voto x xochitl
183,trillon xochitl galvez
184,con xochitl
185,xochilt presidente dios proteja
186,vamos guanajuato falles recibir xochitl galvez new york
187,ponen mapa azul si pan tantos votos
188,pobre xochitl
189,percances viven culpa pri dices
190,xochitl presidenta
191,x guanajuato cochitl
192,arriba xochitl
193,aqui jalisco pan pri muerto morena querida mc va ganar mas seguro
194,viva xochitl galvez futura presidenta mexico mejor
195,vamos xochilt chiapas peor zacatecas voto ahora va
196,comenzo campana xochitl estan millones gentes zocalo marchando apoyaban
197,vamos ganar xochitl
198,trillon xochitl galvez
199,xochilt presidente
200,xochitl galvez presidenta
201,xochitl presidente mexico
202,xx galvez dios
203,animo xochitl contigo
204,candidata vende patrias alias botarga xochitl galvez
205,botarga circo xochitl galvez menos preparada penanieto
206,xochitl presidenta mxsin miedo
207,xochitl presidente
208,corrupta xochil galvez
209,perdida botarga
210,xochitl g presidente
211,xochitl indicada
212,jajaja checa lee dejes llevar dicen gobierno xochitl experta negocios chuecos corrupcion
213,xochilt tambien hizo
214,xochitl presidenta va querer llevar teleprompter onu
215,voto xochitl
216,xochitl xochitl
217,xochitl presidenta
218,xochitl presidenta
219,mainez mejor perfil propuestas tocaba ebrard robaron xochitl deberia declinar favor si quiere realmente salvarnos titere baum
220,arriba xochitl
221,xochitl presidenta
222,vamos xochitl
223,vamos xochilt
224,xochitl love
225,presume one must possess mastery english language derive amusement linguistic foibles others plan x
226,denuncia pasale pruebas botarga
227,xochitl galvez
228,mochitl galvez
229,xochitl g presidente
230,xochitl va perder
231,xochilt va mexico dios
232,xochitl presidenta presidenta
233,vamos plan c
234,arriba xochitl
235,xochitl g presidente
236,van dar pan cafe funeral
237,che ridiculo sabes manada plan
238,sigue siendo mejor intento mujer empatica xochitl revuelo causado
239,pan aliado pri elecciones cierto
240,si solo crees pri pan etc culpa parte problema
241,forma mueve pri forma hacer elecciones
242,seguro expertos pan pri
243,nadie conocia xochitl dio conocer pura polemica mainez tiempo remontar trae buenas propuestas
244,prefiero maynez xocil
245,jajaja wey cbron solo dejaba llevar mmdas religiosas xochitl agarraba grenas
246,mercado logicamente bien xochitl
247,xochitl va volver mexico pueblo marron
248,deecho pan pri tener miedo xochitl quedara er lugar jaja
249,xochitl muestra poder azules
250,xochitl galvez
251,pierdo intriga oir ver q dice xochilt q sale ocurrencias
252,saben dejan ultimo xochitl piense respuestas
253,vamos todo xochitl galvez
254,maynez solo pusieron nomas aun asi levanta jajajaja propuestas nd simplemente xochilt cierto jajaja
255,vamos xochitl
256,candidatura xochitl galvez insulto inteligencia sano juicio votara ella
257,xochitl galvez xochitl galvez xochitl galvez xochitl galvez xochitl galvez xochitl galvez xochitl galvez xochitl galvez
258,va cambiar plan
259,vamos xochitl
260,plan comunismo
261,xochitl presidente
262,jajajaja ke pena ke ke mentir convencer gente ustedes creen vamos x xochitl millon
263,pura realidad encuestas tratan ayudar xochitl
264,bueno xochitl va perdiendo
265,puras encuestadoras gobierno vieron nueva encuesta xochitl va arriba van decir nunca
266,botarga ultimo
267,botarga va er lugat jajaja
268,voto secreto voy x presidente xochilt digas nadie enojan despeje vamos mexico
269,votar debemos votar mas millones electores entendiendo menos millones estaran ocupados dia plan
270,obvio xochitl galvez
271,botarga titere alito moreno fox calderon marko cortes
272,mas titere botarga
273,botarga trae dime propuesta diga
274,poggque dices si botagda manejada pogg prianistas mames
275,xochitl galvez
276,malito pongan atencion
277,botarga presidenta
278,tan valiente viste botarga jajaja
279,nel cochitl
280,vamos xochitl
281,uysii valiente botarga
282,vamos xochil
283,vamos xochitl proxima presidenta senora holanda cagando aqui holanda cagando aya arriba gelatinas
284,plan c corrupcion
285,cero partido acion nacional plan plan c plan c
286,encuesta ella urge plan c
287,ay mames ciro encuesta trabajador botarga lenguarda increible q encuesta pueda ganar
288,voto familia xochilt
289,triunfe xochitl julio deberas votar
290,creoooooo chgsmd botarga ridicula chgsmd priandejos
291,pri pan turno poder
292,confio honestidad xochitl hermana secuestradora
293,xochitl ganara
294,chingadera mejor perro pinche botarga
295,chingadera mejor perro pinche botarga
296,viva xochitl
297,contestan contestar dijo xochilt
298,asi aparte xochitl hecho ensima pemex atijuana aparte
299,solo endejos votaran xochitl
300,xochitl galvez
301,imaginate si reforma cuales seran numeros reales plan
302,sigan mentiras derecha plan
303,encuesta ella urge plan c
304,ay mames ciro encuesta trabajador botarga lenguarda increible q encuesta pueda ganar
305,xochitl galvez presidenta
306,plan c mismo cartel narcotraficantes
307,claro va k miedo xochitl galvez
308,plan carcel
309,viva xochitl galvez futura presidenta mexico mejor ay mas
310,equivocas xochilt
311,mascota si imaginas preguntas van hacer xochil pueda contestar hacerse graciosa risita
312,viva mexico libre vamos xochitl va
313,x anos vivimos gobierno pri pan bola corruptos ratas ros tiempos diganle hijos vivimos
314,mejores propuestas candidata xochitl galvez
315,plan maynez
316,mejores propuestas xochitl acciones parecer restan puntos
317,sheinnaun mas conviene maynez cae bien xochitl pues ahi xd
318,si xochitl galvez sabe hablar ingles
319,xochitl buenas propuestas obvio va intentar tantito cumplirlas
320,toda razon talvez mejor seria desaparecer pemex
321,lamentablemente mundo mexico preparado aun mundo aun mueve combustible fosiles quitarlos seria darse tiro pie practicamente galvez quiere
322,creo propuestas xochitl maynez encuentran mas interesantes
323,xochitl ejemplo darian mas dependencia
324,terriblemente mas sustento xochitl maynes palabras lleva viento
325,okay dar poder iberdrola companias extranjeras paso dejo bueno pais pos madre propuesta pan despues queje hagan caso
326,xochilt respuesta
327,mejores propuestas trae galvez jamas va ganar sigue xochitl
328,galvez sigue xochitl
329,propuestas xochitl cerrar toda produccion mexico comprarle extranjero ningun si aqui materia prima ocasionaria aumento brusco precios
330,prupuestas xochitl suicido economico si dale checada pasado alemania transicion energetica
331,deberias hablar xochilt dice pemex genera energia electrica
332,hermano xochitl propone cambiar pemex contaminacion tocan tema deudas deudas demas seguira parte desempleo
333,dinero perdido gran parte volviero activar refinerias sexenios pasados partidos parte xochitl dejaron perder activar refinerias
334,propuesta xochitl puede ser buena ambiente conciencia impacto tendria aquellas ciudades principal fuente empleo refineria
335,si xochitl maynez reforman pemex acabaria subsidio gasolina automatico generaria subida precios manera exagerada generaria inflacion
336,yaaaaaa muestren datos correctos vamos xochitl
337,amigo lamentablemente podria pensar datos estan inflando campana xochitl
338,jajaja votar xochilt risa
339,ver comentarios video das cuenta unica va xochitl
340,vamos xochitl
341,arriba xochilt
342,vamos xochitl
343,plan voto masivo viva mexico
344,puro xochilth galvez proxima presidenta mexico
345,cierto veremos junio vamos xochitl xochitl xochitl xochitl xochitl xochitl xochitl xochitl xochitl xochitl xochitl xochitl xochitl xochitl xochitl xochitl xochit
346,xochitl galvez proxima presidenta mexico
347,chiste maynez va tan abajo confundieron pusieron porcentaje cochitl
348,xochitl galvez
349,xochitl galvez ganara
350,manchas gargamel tambien va desir xochitl
351,temblamos risa ver alito suplicando maynes mas p tico visto
352,jajaja verdad duele xochitl va
353,paya xochitl tendra menos votos anaya
354,apoco si asi pareja encuesta dientes tapete foxochitl
355,tapete foxochitl
356,xochitl galvez mejor
357,hace anos podian ver pri pan ahora adoran q q risa estaas ratas
358,ahahahaha xochilt chiste
359,acuerdate salir votar xochil julio pidio
360,diciendo encuestadora pan da triunfo botarga galvez
361,mexico elige alguien q trabaja xochitl
362,exactamente razon xochitl derrotada jefes puesto plurinominal
363,mexico libre xochil
364,pues xochitl narcocandidata sigue cerrando brecha si dudas velo ojos aqui dejo link
365,jajajaja vida xochitl llegaria siquiera
366,vamos xochitl si acaso va asi encuesta vdd mucha diferencia
367,xochitl muchas gracias pena asi mejor
368,hace tiempo vi video diciendo xochilt primer lugar ahora va segundo entiende
369,mexico xochitl
370,nel paso inche botarga ridicula
371,mexico solo botargas
372,mexico porque aqui pais mexico vamos plan fuera prianratas
373,arriba xochilt seguidores arriba carro basura
374,xochitl secuestradora
375,mientas xochithl esquina
376,mamon mexico elije asesor botarga massive caller misma decia anaya ganaba puntos
377,xochitl presidenta
378,plan agan ilusiones chayoteros
379,mexico territorio xochitl yea
380,xochitl presidenta
381,xochitl presidenta
382,xochitl seguidores misma linea dientes asco
383,pobre endejos creen xochitl
384,seguidores xochitl profesionistas burritos
385,jajaja votaras sano juicio votara mumra vamos xochitl
386,plan c corrucion mas croquetas mascotas
387,vamos xochitl
388,vamos xochitl
389,claro si quiero julio votar xochil
390,xochitl presidente los buenos mas mexico despierta
391,xochitl presidenta
392,vota basura botarga
393,paso norona siempre mas alto
394,ok entonces xochitl
395,favor ile derecho decidir nacio pri gusto fue habla congruente remplazo si duda
396,queria samuel modos aqui unica viable xochitl
397,vez xochitl
398,simplemente piensa si quieres q eua espana esten decidiendo x futuros q xochitl venderles patria mismos prefiero ver viejitos felices
399,excelente dieron mas ganas votar xochitl
400,dios guarde xochitl galvez
401,si mc elecciones pasadas pan creeria proponiendo
402,cajas pizzas hacer cartones xochitlva
403,alito marko zambrano grandes ganadores derrota si pierden perpetuan poder partidos paso van senadores plurinominales
404,x esepcion alcaldia gobierna pan lia limon robaron moto siempre camaras policias tardaron mas hora ir lugar
405,prefiero den personas necesitadas quede xochilt pri pan
406,https www elfinanciero com mx bloomberg que es el deficit presupuestario y por que es peligroso que sea el mas alto desde
407,dicelo xochilt galvez jefe camapana desvio millones dif paises sigue dinero gelatinas
408,dile deficit fiscal hecho mas alto dos decadas presente presupuesto egresos federacion presente ano fiscal
409,propuestas xochitl mejores solo copera
410,exacto maynez viene pan
411,prometen nunca cumplen pri pan amlo
412,puede caer fanatismo solo mas facil juzgar xochitl pues mostrado innovador difiere resto candidatos pan pri
413,peor xochitl momentos sabemos
414,sabemos si bien mal historial pri pan sabemos estan dlv morena dlv pri mc buenas propuestas esque cumpla
415,jajaja vas xochil verdad
416,jajajaj pan narcos pri roba dinero jajajaj
417,visto demas gobiernos pan comprada gente mayor apoyos jovenes unico apoyo becas
418,miedo ir xochitl falta
419,miedo gane xochitl
420,xochitl el dijo manera hablar hablar payasadas senora nadamas abre boca hace ridiculo
421,ahora votar menos peor xochitl ayuda
422,mas miedo xochitl
423,miedo dice xochitl expresa jajajajajaja
424,pues menos peor asta maynez menos xochitl
425,da mas miedo viendo pasado pri sigan ahi bola pendejos
426,entonces xochitl onda jajaja
427,miedo saber pesar tantos memes xochitl gente piensa bien ser presidenta
428,val entonces votamos xochil mega bruta naca
429,mas miedo q van pri
430,da mas miedo va votar xochil expresa
431,si reyna si ponte leer investigar historia politica pais pri goberno anos
432,mija xochitl pan partido q sexenios anteriores trabajo directamente narco
433,miedo voten xochitl
434,miedo piensan xochitl estariamos mejor
435,prro miedo van votar botarga pesar todas estu pideces dice
436,miedo xhochitl
437,miedo mas da manos xochitl
438,mejor xochil
439,miedo da xochil
440,miedo da fifis pri dedicado toda vida vivir dinero pueblo pan pri quieren gane morena da roban
441,da mas miedo xochil coalicion diablo trae
442,tenle miedo dijo galvez
443,miedo alguien vote xochil maynez xd
444,miedo voten botarga circo
445,mas miedo pensar alguien piensa votar xochitl
446,miedo votar pri
447,misma mmda todos mas xochitl
448,mas miedo vayan xochitl
449,entocnes xochitl quieres pena nieto
450,ay siiii jajaj voy votar pri revivan muertos
451,miedo dijo pri pareciera memoria interesa historia
452,pues menos pri
453,caso dices si pri
454,quitas seguro pones nuevo sii secuestrado seguro trabajando pri pan toma tiempo significa vallan hacer
455,prefiero ser chairo incompetente creyente pri pan
456,subir salario minimo solo subirlo pesos hacia pri estariamos peor precios cielos salario suelos
457,nota estudias estudio derecho mayor parte culpa pri
458,farmacia ahi medicina tirar literalmente anos k goberno pri creo pura corrupcion octubre guerra co operativo rapido furioso
459,pri endeudo pais ahorita investiga veras mexico top mejores economias si siguimos asi estariamos top cosa pan nunca haria
460,mejor personas si estan preparadas xochitl maynes estan altura
461,problema pri pan deciamos mismo despierten hacian
462,mal xochilt peor lista conversacion
463,xochitl va cambiar dudo bastante mejor opcion maynez desgracia elecciones estan decididas
464,mmm siempre pri novedad mas pri va aumentar dolar aparte dijste peor
465,solo recuerda llevan anos gobernando cdmx pri
466,pena pri no bueno si quieres votar xochitl vender gelatinas dia bien
467,entonces xochitl regresar pasado
468,va ir peor pri entienden peores crisis sido mano pri
469,anos gobierno morena q despierten anos q pan pri despertaron
470,jaja noooo mismisimo taboada pan dijo
471,mejor ponte estudiar pais pri presidencia mexico
472,asi podria seguir seguir cosas hizo bien estan contaditas si quedaria aliento seguir diciendo ineptitud destruccion retroceso mx gobierno
473,jajaja viste gastos supera muchisimo mas campana xochitl muestrame video pues
474,pues gracias ah echo muchisimos paises apoyan mexico luego entramos pandemia pesar segundo mundo cuantos anos puedo pri
475,sal calle noticias verdaderas sepas realidad ciudad gobierna pri bien endeudado desvian apoyos
476,tan facil decir estamos mejor mostrando datos enganando gente asi aprobacion ley pensiones bienestar facil decir pan voto contra
477,dijo menciono voto contra diputados pan hicieron referencia art constitucion
478,pan advirtio quizo escuchar si atacar aparte regala dinero extranjeros sopresa invento mentira venezolanos cuba
479,jajaja datos falsos saca pan investigales quieras reyna vas ver aumentado economia mexicana
480,jajaja ensename contratos pues veridicos hago toda familia vote botarga
481,imagino chingar gracias pan ser asi pasa contigo apoyas chingado toda vida
482,no va cubrir dar mientras pan advirtio habia analisis poder sustentar apoyos largo plazo valio parece entiendes
483,adultos mayores reconozco si necesitan unos secu prepa debe ser promedio alto escaso recurso ahora dan esfuerzan
484,creeme varios presidentes alrededores pri mas casas mejores igual pruebas
485,mas checa caso homero cuidador monarca mato silviano mas integrantes pri dejaba talar aguacates
486,personas egoista conciencia otros ojala si quiten apoyos flojos xochitl genere empleos si esforzamos
487,votan xochilt pasa vean tonteras dice expresa gente humilde
488,mejor estubo idiotes pri
489,esta veo peor pan pri
490,mejor estaria pri
491,mija xochitl pan partido q sexenios pasados trabajo directamente narco
492,entonces prian mismos ratas siempre dice xochitl si patrimonio tontos deben ganar cosas asi quitaria ayudas ancianos universidad
493,despiertos siempre votaban pri anos siendo mismas ratas mas bien dormida siempre
494,dona jajaj ver pais actual verlo antes definitivamente volver opcion mas botana xochitl verguenza nacional
495,pais jodido goberno pri
496,siempre votado pan pri pasa despierten vean tenian pais
497,xochitl sabe hablar apoyan
498,mejor pri tan solo parte economia dolar aun bajara mas pri llego pri vendio muchas empresas mexicanas dio petroleo malo creo
499,quieres hagamos votar maynes xochitl gracias
500,pues mejor sexenios si si ves estabamos mejor pri pan creo debes despertar sueno
501,botan pri mas jaja
502,mms quieres voten botarga coherencia dice
503,menos pais endeudado pri
504,estan votando morena mejor gobernaba pan pri
505,mejor estabamos pri
506,quieres votemos pri pan para volver asus pesos salario minimo vamos morena
507,votan xochitl abran ojos apoyan mujer dice pura tonteria
508,trata avansamos quedamos senora sabe despierta date cuenta robo pri quieren regresar gracias
509,imajinas xochitl brozo gobierne va pasar broncando bailando xo talla precidenta si beatris paredes cosa
510,mejor tachar pri pan prd votar penanieto xochitl maynez
511,pues hablando pri trajo pura delincuencia pueblo llega antorcha
512,xochitl carga bandera asi va gobernar despierta
513,mame despierte usted dona tantos anos peor pri pan jamas votaria prian
514,si asi dejado corruptos ratas prian xochitl vaya carajo
515,pues menos pri
516,pena pri no bueno si quieres votar xochitl vender gelatinas dia bien
517,solo recuerda llevan anos gobernando cdmx pri
518,mmm siempre pri novedad mas pri va aumentar dolar aparte dijste peor
519,uste debe despertar dado cuenta xochitl galvez solo quiere dinero beneficio pueblo vaya mierda mientras da lujos
520,solo pri pan
521,mira dejo pri
522,pues pri tuvimos contrario siempre robando pais descaradamente
523,jajajja xochitl dice senores estan weyes tener patrimonio
524,huy si xochitl va mu bien
525,vogta pog xogchitl pueg
526,votan pri jente cerebro
527,pues vi usted si va votar pan preocupe
528,totalmente voy votar pan
529,uy comentario clasista seguro pan
530,chale hijo ya di cuenta votaran pri hace falta croquetas
531,vez entendi valor dinero aunque promedio alto deje pedir becas sufri dinero sabe si quita lugar si
532,pri pan gobernaron mas anos regalaron becas dices derecho pri pan votaron becas
533,mejor minimo den dinero pueblo quede ratas prian dice xochitl deben ganarse ganarse cosas quitaria ayudas ancianos universidad piensas
534,dicen xochitl bien
535,malito forma expresarse
536,mexico x xochitl
537,exacto tambien pipi pri pan prd
538,pues escucha mejor que x xochitl
539,pri p pen dejossss r ratasss ign orantes
540,hacen flojos becas morena estaban estudiaban esforzaban aparte implementaron pan pri
541,botan pri van ser iguales jaja
542,si nisiquiera sabes diferenciar buen gobierno aspectos mierdas pri llegaron
543,daria xotchil
544,xochitl presidenta
545,jajaja si toda ton t botarga si representado pues imaginamos estan ustedes
546,forma hablar xochilt ve
547,jajajajaja xochitl hablando
548,pogecito pagaron chochil galves
549,aun recuerdo dijo quieren llevarle educacion indigenas felices asi grande xochitl
550,jaja mamasita a preocupa estabilidad economica pais pz queres dolar llegue xochitl asi
551,vas votar pri mismos dieron agua destilada ninos cancer mismos quieres pregidengia
552,imaginaras comunican familia vea manera hablar xochitl buena
553,igual pendejo votaran xochil
554,gusto tartamudea xochitl
555,pienso xochitl dijo sector privado puede privatizar
556,mascar chicle va votar x xochilt
557,gustan comediantes dijo xochitl
558,miedo guste manera hablar xochitl
559,clasista seguramente pri pan prd ensenaron eso
560,comentarios van xochitl
561,mejor investiga tu xochitl hecho buenas propuestas pasa lleva trae solo hablando competencia final politica queremos escuchar propuestas chismes
562,vamos claudia porfas nunca votes vieja xochitl va ser rata pri tiempo poder unico hicieron robar
563,dijo voy votar xochitl prefiero anular voto votar incompetentes
564,vota xochilt dice preguntes muertos
565,xochitl dice apoyos sociales dadivas viejitos ahi ponerlos chingarle dice llevas educacion indigenas
566,xochitl parte cartel inmobiliario recibe contratos empresas cambio dar permisos mismas empresas plagio trabajo titulacion muchas cosas mas
567,tampoco pri
568,mas hacerse interesantes llevar contra preguntas historia pri pan idea
569,uy si pri estabamos mil veces mejor refineria millones pesos ah solo barda xd
570,acaso dije apoya pri y tal aeropuerto eta cayendo
571,jajaja dijo xochitl forma hablar expresarse
572,pri roben inseguro salir calle siiiii gracias vv
573,pan puedo evadir impuestos
574,entonces prian mismos ratas siempre dice xochitl puras tonterias si anos patrimonio tontos quiere quitar apoyos mayores becas uni
575,pri soy ladron mantenido
576,problema pan siempre subestiman clase obrera gente trabaja existe
577,pri me gusta mantener funcionarios
578,preguntale xochitl hidalgo dar prometio
579,dile xochitl pase receta para hacer gelatinas ser millonarios
580,gelatinas chochitl hizo millonaria solo vender gelatinas guacala botarga
581,solo deja manejar aunque mas cuerda cochitl maynez voto muchas reformas entonces traidor
582,dijo xochilt mal cabeza que
583,ah si vives mejor mas lista sigue diciendo ver si ganan votantes pan
584,preguntale van privada digo privadas dan mejores oportunidades trabajo conexiones nivel socioeconomico mas alto
585,becada voy morena xd realmente ignorantes van pri pan
586,rentas tan altas mafia inmobiliaria justamente detras pan pri metido siempre
587,comprension lectura refiere malo mejor dice pri maravilla
588,comparto mejor pri ajajajja lit inflablan precios gasolina economia peor circulo esten mal significa gobierno etc
589,ah claro vivi anos gobierno pri trata eso sino tener menos peor partido sea
590,xochi presidente
591,xochitl apenas habla espanol groserias
592,respondes inegi y ahora sales esto amigo comprension lectora sorprenderia quieras votar xochitl
593,pues esque votar xochitl seria estupidez ahora ibero supo contestar unas simples preguntas
594,propuesta da xochitl solo ataca
595,q propuestas tesla pobre si crees pri ignorante fu chitlgalvez
596,creciste epoca pri sabes escribir
597,propuestas xochitl reverenda m m da manera hablar chiste asi partido candidatura
598,pues dire el pri hace entro y robo pais placer pues mas quieres
599,mames van fiar xochilt payasadas nisiquiera propuestas nomas repite ataca y miente pruevas
600,voto xochitl jaja quiero preguntarle muertos unas cosas pos va traer regreso si buena propuesta
601,llego xochitl
602,queremos xochitl
603,viva la t y plan c jijos de la chingada
604,jajajajjaja x botarga buen chiste
605,xochitl comediante jajaja si gana
606,xochitl presidenta
607,gracias siempre xochitl
608,jajaja imagino vas acompanar xochitl preguntarle muertos opinan debate
609,burlo personas fallecieron nada burlo tonterias estupideces dice xochitl
610,xochitl no representa malo presidentes
611,parece burla xochitl dijera si anos tenias patrimonio wey si verdadera burla
612,cosa quieren quitar sabemos relacion fox presidente lloro daban apoyos adultos mayores igual xochitl
613,unico argumento utiliza xochitl eso caida metro xochitl si penanieto mas simple hecho ser solo meme ya nadie toma enserio idioteces dice
614,investigue mismo da pena voten xochitl fin demasiado desgaste hablar temas gente
615,pues mas xochitl si
616,si estrategia divide venceras no caigan todos juntos plan c
617,mejor dos si es xochilt solo salud nomas cae bien
618,jajajaja meo mas sabes xochitl votan investigar fraudes echo maynes solo votan hacer contenido gracioso de verdad peor generaci
619,cochitl mas salud nteligencia
620,botarga mentirosa vulgar p ja
621,terror simios pri
622,terror digas mejor pri
623,malo seria vallan xochitl
624,terror deberia darte prian historial xochil
625,botarga xochilt partidos corruptos mrd
626,terror votar xochitl prian
627,voten xochitl mejor asi
628,quieras votar xochitl pndjda
629,xd investigas mejor wey viene pri experiencia algun cargo
630,prd corrijo
631,alrededor pri significa vinculara ellos eso partido
632,dinero van pri pagara impuestos arde mero siempre sucio tener pagar impuestos
633,ustedes dicen pri pan saber tambien
634,asi votaban pri
635,van votar xochitl estan iguales listos ella change mind
636,vamos xochitl paz esperanza
637,xochitl precidenta
638,plan corruptod
639,viva xochitl
640,claro xochitl paz
641,plan c enderezara pais
642,plan va empeorar delincuencia
643,vaya salir cochitl pacto sangre jajaja
644,xochitl presidenta
645,xochitl presidenta
646,viejas botargas solo quieren robar hacer resto vida
647,pues clan xochitl entrale castigo
648,pregunta confias xochitl
649,jiji gracias voto alito cenador espero algon
650,daselo voto botarga hara millonaria gelatinas
651,si cumplio anos suficiente arreglar toda mierda dejo pri pan siglo
652,familia vamos xochitl
653,si esta xochitl sabe va perder
654,vamos xochil hacerle caso morenacos
655,xochitl galvez vas ganar presidencia hagas caso gente tampoco
656,cochitl gana julio
657,xochitl va encuestas modo van espantar
658,vamos xochitl encuestas estan compradas
659,encuesta misma botarga perdio
660,xochilt va derechito carcel cabe duda
661,xochitl presidenta
662,podrias indicar dice mas respites mismo dice botarga
663,arriba xochitl
664,vamos xochitl encuestas estan compradas
665,vamos xochitl encuestas estan compradas
666,quiero xochitl
667,buena eleccion vamos plan
668,xochitl patrona
669,voto xochilt
670,voto tambien xochitl
671,vamos xochitl encuestas estan compradas
672,pensar dicen xochilt sienten nivel intelectual economico
673,vamos xochitl
674,vamos xochitl encuestas estan compradas
675,recuerdo toda basca pri prd movimiento ciudadano y pan estan mugrena lider mega kkas
676,vamos xochitl encuestas estan compradas
677,vamos xochitl galvez
678,voto xochitl
679,vamos xochitl encuestas estan compradas
680,xochilt va voto
681,xochitl presidente
682,vamos xochitl encuestas estan compradas
683,xochitl presidenta
684,xochitl presidenta
685,xochitl presidenta
686,vamos xochitl encuestas estan compradas
687,vamos xochitl encuestas estan compradas
688,vamos xochitl encuestas estan compradas
689,encuestas dicen decision final menos estan truqueadas vamos xochitl
690,jeje decision dia eleccion duerman xochitl
691,xochilt presidente
692,xochitl presente
693,vamos xochitl encuestas estan compradas
694,xochitl presidenta
695,vamos xochitl galvez vamos
696,vamos xochitl encuestas estan compradas
697,beatriz paredes pri no hacen manipulaciones elecciones hacia pri pan
698,smn igual mc pri aliaron anaya
699,partido define candidato x ejemplo guanajuato queretaro pan guanajuato horrible queretaro bastante bien quitando hecho q andan construyendo cada calle
700,xochitl acabo presupuesto campana electroral pidiendo dinero financien campana partir recaudaciones
701,xochitl toque aimep
702,imaginate sexenio pena nieto salario minimo pesos iva mas alto harias pagar impuestosb
703,escogiste bien gente adulta inteligente quiere votar xochitl
704,menos xochitl
705,xochitl galvez
706,argumenta vas votar xochitl
707,xochitl carrera terminada
708,arriba xochitl
709,recuerda maynes prd pri
710,xochitl presente
711,botarga porque
712,tambien pienso xochitl va a perder va
713,gano xochil falta alcanzar aparte mancha mejor opcion
714,xochitl estudiando ingenieria computacion epoca util estudiar
715,pena xochitl zurdos eternas victimas
716,vamos xochitl ganar
717,esque xochilt vidente
718,callate botarga
719,alguien sigue creyendo xochitl
720,si xochilover complices botarga
721,pues si educacion pan nota destila preparados estan
722,julio votar xochitl chaparrita especial
723,no creo tiran morenas si mismo estarian agarrados mano pri pan
724,apoyo xochitl
725,saber si alito loret urge ganar
726,xochitl mejor
727,vamos xochitl
728,xochitl culpable aceptalo culpable
729,vamos xochitl
730,demandas puesto xochitl nunca visto proceda jaja
731,kkas pena libre calderon libre carteles libres pro pan libres jajaa ninguna visto proceda kks
732,estela luz tambien costo mas normal no y barda refineria pan
733,queremos xochilt
734,queremos xochitl manicomio
735,arriba xochitl futura presidente mexico cada vez mas
736,aora si obra noble plan
737,gran propuesta hace chonchil galvez diria jose antonio meade genios
738,gustaria mas ver propuestas xochitl galvez
739,autobus xochil
740,diferenciando autobus armo xochitl ver
741,comparada camion xochil
742,comparado autobus pasea xochitl
743,andaba asi eventos digas mentiras unidades proporcionados serena orden ine mientas vino xochitl hicieron feo andaba narcocandidat
744,pagas impuestos verdad si mexico partidocracia mas cara mundo gente pan comer
745,confundiendo nino hermoso acarreados pri pan
746,claro voluntarios si mio si queremos xochitl galvez
747,acarreados botarga
748,jajaja quiero imaginar si camion particular botarga pega chicles avion rentando todavia chillarian mas
749,botarguita acabo lana imaginate administraria dinero nacion
750,wow mas atolito
751,vamos xochitl galvez
752,xochitl va presidenta club botargas doctor simi
753,xochitl mejor titere
754,titere botarga oficial delas farmacias doctor simi
755,titere priandj toda campana demostrado pena va ganar voto galvez taboada priand
756,dises busca captura hermana xochil secuestradora
757,asesor xochitl dijo pueden cubrir pensiones adultos mayores
758,xochitl galvez siguen puros profugos acido folico
759,aqui pueblo van comprar votos persona votar pria
760,pan pri aportan imaginense si gana van duplicar
761,xochil presidenta
762,segun gastado xochitl dolares tan solo si llega ganar imaginate va quedar pais malo mucha gente votado
763,xochitl va caer plan urgen junio esclaudia
764,pri da dinero boto despensa corrupcion
765,xochitl gasto millones pesos dias dice donen mil mil pesos campana ver prianistas va donar
766,pues cualquier politico cualquier puesto postularse dan presupuesto alto lanzan aunque saben van ganar solo dinero dan
767,millones dudes jajaja robar estanpuestos plan
768,rentan mas vale autobus pan estan sacando puedan ganaran
769,xochitl gasto millones pesos dias dice donen mil mil pesos campana ver prianistas va donar
770,xochitl presidente
771,preguntaron sacaste dinero xochitlbus respondio es rentado autobus respuesta si pregunta era sacaste dinero xochitlbus
772,cochitl cochitlovers
773,mexico despierto junio xochitl galvez presidente vamos xochitl vamos xochitl presidente sinergia xochitl galvez presidente
774,jajajajajajaja pues dijo julio cochitl https vm tiktok com zmm mp ew
775,dios bendiga xochitl galvez presidente
776,suerte xochitl galvez presidente
777,sigue dormido xochitl galvez presidente
778,clasica respuesta digna morenista suerte eso mexico despierto junio xochitl galvez presidente vamos xochitl vamos xochitl presidente sinergia xochitl galvez presidente
779,xochlit presidentaa
780,xochilt presidenta
781,xochitl presidenta amor mexico
782,sea mejor di peor pri robo mas ya justificar q roba mas jajaja
783,chitl va amor mexico
784,imagino botarguita mas apoya cochil galvez vamos claudia
785,isti di jinii vis mirini viti xichitl prisidinti vidi virdid libirtid
786,pri pan prd dejaron desastre pais cuantos anos gobernaron nunca hicieron bueno piensas ahora xochitl galvez va hacer cambio
787,solo opino si familia gente mayor reciba pension ninos beca empezar reciban favor si llega rateros pri van quitar
788,xochitl dijo votaran julio
789,acuerdate cochitl vota julio dijo misma
790,julio voto masivo xochitl
791,xochitl galvez presidente
792,pues xochitl quiere asi digan asi usa toda publicidad si apoyas
793,ponen donacion digo dinero narco aunque digan mil veces adc alito va sacar dinero si sabe va ganar
794,si isieron salinas pliego menos aran botarga jajaja
795,jajaja millones solo dan botarga sabe va perder demas bolsas
796,pongo millones xochitl quiero ser presidente
797,contacta xochitl listo
798,duele quiere ayudar pobre pan quiere notarias pri privilegios solo pido ayuda tambien pondre repartir desamparados
799,imagino alito pidiendo gorras empresas
800,desaparecieron millones alito
801,convenio squear pais urge plan
802,va vato casi sacaba xochitl segundo lugar
803,hicieron galvez viera tan desplazada
804,fans botarga enterados mmdas hace xochitl mucha diferencia
805,fijado debate electoral pri pan prd van ganando encuestas candidatos atacan
806,xochitl gana
807,no creo sexenio pasado peor anaya bronco wey pri chiste solo gente olvida
808,unico pueden hacer xochitl
809,nooo xochitl va pri solo va llevar mexico ruina avanzo
810,alguien salve pan guanajuato
811,xochitl galvez
812,xochitl galvez presidente dios bendice
813,xochitl plan democracia
814,xochitl galvez presidente
815,xochitl va ganar
816,perdon comentario cada eleccion pan mismo misma promesas varita magica seg resolvera pais
817,hace meses venia venir xochilt poner alguien importa si pierde alguien desechable
818,xochitl si votare
819,xochilt mensaje sensibilidad humana
820,olvides esposo hija xochitl dio total
821,ja ja ja colgaron cochitl siempre riega ahora sangra comprometerse prian nunca cumplido palabra asi suenen
822,presidente nunca dijo sabia hablar ingles cambio xochitl curriculo dijo ingles frances japones ocea mentiras espanol sab
823,comediante la botarga gelatinosa
824,si xochitl pndeja
825,pues xochitl galvez fresnillo noche acarreados mujer tan valiente
826,ternurita montaje tal xochitl
827,diras dramatismo oscuridad colgandose tragedias pobre botarga
828,ridiculo botarga
829,jajaja hacer xochitl gente crea
830,obvio xochitl mexico xochitl
831,hackearon votas xochitl hecho
832,cuidado hackearon gracia divina votaras xochitl persona productiva mas ignorancia mediocid xochitl victoriosa beneficiado
833,nadie votara botarga stupida
834,vale ver ga modos xochitl ganadora
835,pues jajaja mexicana dicho voy xochitl
836,claro xochitl dicen vecinos dieron pesos asistir
837,xochilt vamos mexico queremos saquen porros quedaron estancados iban prepa
838,hackearon votas xochitl ignoramus orden irrevocable votas victoriosa xochitl productivo
839,hackearon votas xochitl hecho irrevocable orden cumpliras decretado
840,hackearon votas xochitl hecho
841,loca voto xochil
842,hackearon votas xochitl ignoramus orden irrevocable votas victoriosa xochitl productivo peon
843,hackearon votas xochitl ignoramus orden irrevocable votas victoriosa xochitl productivo peon
844,bots cuentan revierte gana xochitl mexicanos xochitl victoria corriente
845,hackearon votas xochitl hecho xochitl gana decreto
846,bot si respondo quiera jajaja puedo reirme mediocre pensamiento jajajaja xochitl solo presidenta imaginacion pen dejos
847,no metas costal aaasssco xochitl
848,hackearon votas por xochitl gente cerebro productiva votas xochitl beneficiado mas ignorancia orden cumpliras
849,hackearon votas xochitl gana orden cumpliras irrevocablemente
850,hackearon votas xochitl ignoramus orden irrevocable votas victoriosa xochitl productivo
851,hackearon votas xochitl ignoramus orden irrevocable votas victoriosa xochitl productivo
852,hackearon votas xochitl hecho xochitl gano
853,hackearon votas xochitl orden cumpliras irrevocablemente
854,hackeado gracia divina vota xochitl persona productiva corriente cuarteros votaras xochitl victoriosa
855,generalices mexicanos descerebrados votar xochitl galvez
856,hackearon votaras xochitl persona productiva beneficiada victoriosa xochitl mas mediocre productiva
857,mexico mas bien xochilt jajajjaja
858,xochitl acarreados
859,xochilt personas seguridad
860,la matcha botarga segun defender democracia
861,botarga xochitl mas acarreados tubo
862,tanta risa da vas ahi pesos xochitl termine perdiendo
863,dio asi voto botarga
864,bueno xochitl siempre ataca nunca propone
865,nomas desgastas va ganar botarga
866,javi javi digo botarga buga
867,xochitl mensaje representa eventos
868,jajajaja sii me recordo pena con si lema telo fumo cumplo notario publico bueno ahora ella pura copia todos pri pan amlo
869,hizo xochilt inicio campana
870,xochitl acarreados
871,asi xochitl ensenado debemos aprendernos discurso si falla prompter
872,puras pendejadas puros pendejos representa viendo botarga ridicula
873,tambien comediante asi xochilt pasas hermano comentario
874,guepesenta diria xochitl
875,deberia dar verguenza neta apoyar xochitl
876,xochitl dieron torta jamon
877,si video dudo todas carreras menos plan estudios corriente dinero tenias papeles asegurados jsjs
878,jajajaja mando xochil comentar jajajajaja
879,jajaja super bien botarga ofreciendo cabe duda si ratota cochi
880,cuanto pagaron poner comentario obvio xochitl acarreados tu
881,xochitl duda
882,tagear xochitl galvez menciones incrementar si visibilifad redes vanos ganar saludos laura
883,parece religion deba ser tema ofender denostar insisto voy xochitl galvez
884,sae vas xochitl
885,xochitl duda
886,xochitl representa queremos los mexicanos regreso xochitl la opcion
887,xochitl gente verdad necesita acarreados
888,pues fresnillo quieren senora xochitl galvez
889,xochitl galvez
890,pelen pan pri siempre dado pesos asistir eventos digo experiencia
891,acarreados siemprevah sido asi prd pan prib
892,jajaja toda marcha eventos asi personas acarreadas rata xochitl tambien necesito acarreados termino mexicano googlealo minimo
893,hizo xochilt inicio campana
894,reves xochitl representa cancer mexico
895,conozco gente acarreada ustedes dicen ver xochit mal candidatos hacen
896,lleva gente playeras amarillas prd azules pan rojas pri banderas dices acarreados abre ojos
897,jajajajajaja botarga si acarreados
898,dilo llorar mejor si llora perdera arrastrada plan
899,haz visto videos dicen obligan trabajos ir eventos xochitl
900,digas mmdas si pan pri siempre acarrean digo experiencia
901,xochitl gente vedad necesita acadeados jajajaja
902,necesitas ratera corrupta inepta xochitl galvez mas quizas quieras asesoria
903,acarreado xochitl
904,iguales eeh si voluntad acarreada si pan solo recibo dinero voy mitines falsas
905,promesas gelatinas dedo fieles seguidores xochitl galvez
906,amenazan trabajadores correrlos si van botarga
907,jajaja acarreados xochilt vieja transa
908,xochitl galvez veces
909,pta idolos amas botarga alito narko cortes
910,solo basta ver ardidos estan ustedes darse cuenta xochitll mejor
911,ahuevo pelaron plan a volvieron pelar plan b van volver pelar dos manos plan corruptos plan narcotraficantes
912,suenos mejor xochilt mexico creo
913,creo pelaron plan a volvieron pelar plan b van volver pelar junio plan corruptos plan narcotraficantes
914,xochitl totalmente
915,xochilt pago asistieran
916,xochilt pago asistir acarreado mas
917,mejor valer pesos botarga
918,ntp gane xochilt habra nueva corrupcion
919,claro xochitl presidenta
920,plan xochitl
921,obviamente xochilt galvez
922,democracias fallidas salinas cedillo fox calderon pena mexico olvida fuera xochi tl
923,arde viva plan
924,andamos xochitl
925,xochil traia paises jajaja
926,xochitl tambien pago
927,pues grupo amigos nadie ofrecio nada respecto xochitl posible lucre dolor lq gente creean
928,dilo senora botarga
929,xochil hizo mismo pagaron aparte amenazaron q si iba q sabiamos q ateniamos tan bien pagaron transporte
930,dieron playeras rosadas pesos sacaron camion ir aver ridicula inepta botarga bots comprados tik tokers falsos
931,xochitl obligaron ir sino descontaban dia salario camiones llevaron
932,familiares viajaron ver xochit tambien acarreados normal malo
933,pues si vemos botarga contrato malos actores pesima actiacion
934,xochilt acarreados
935,tagear xochitl galvez menciones incrementar visibilidad redes vamos ganar saludos beto
936,amenazaron constructora galvez despedirme si presentaba
937,ver xochit dado cuenta si acarreados mal candidatos hacen
938,si xr xochitl hora sisaco cachorros finos hacer ejercicio wue dan croquetas finas quitaron prebilegi
939,hizo xochilt inicio campana
940,ay mijo tas bien mal creo mas acarreados llevaron xochitl
941,uy si jaja chihuahua gobierna pan especialistas obligar acarrear gente
942,irapuato ofrecian mil pesos ir ver ala ratera xochilt mejor callensen
943,jajaja botarga solo dio show gratis digdiculo
944,aqui pueblo pagando ir xochitl comidas transportes etc
945,xochitl irapuato si necesito comprar gente yns torta dinero peor si quiera gente municipio entraban camiones lugares menos aqui irapuato
946,peri si oagados mal pir cierto ies norabs entusiasmo gritar aplaudir
947,diras dramatismo oscuridad colgandose tragedias pobre botarga
948,aja botarga
949,obvio xochitl
950,exactamente obvio xochilt a l v r g
951,hablas sientese senor xochiitl va mexico miedo vales convencerte nada cada pdo
952,xochitl nomas hace regrese negocio gelatinas
953,tagear xochitl galvez menciones incrementar visibilidad redes vamos ganar saludos rox
954,acarreados llega talones ladina xochitl galvez
955,vimos oyro teatro conla botarga oesima actuacion rosa guadalupe
956,sacarian tipo nunca habia visto jaja xochitl bye gatera esa jajajaj
957,xochilt valor mejor
958,jajaja pobre botarga ratera plagiadora bulgar boba mentirosa da pena
959,xochil galvez sangrona
960,pan vez hicieron alianza ven porqueria hacen lideres partidos aun van votar
961,montajes quedras decir ves pa pintan solos cochitl montajes
962,xochil galvez
963,duda xochitl
964,cosas mejorar pan pri pues no esquina verdad usted puede ver datos
965,tagear xochitl galvez menciones incrementar si visibilifad redes vanos ganar saludos ana
966,xochitlva xingona fuerzarosa todossomosxochitl xochitlarriba xochitlnuestraheroe xochitlfuerzarosa xochitlporelcambio xichitlxingina
967,xochitl bot
968,igual xochilt va ganar
969,ofrecieron apoyar xochitl quise ir
970,jaja necesidad pagarte necesitan vete cobrar xochitl q unico q tendras prian q va perderla botarga
971,si weee regresate pri den despensa quiten anos gobierno
972,igual tambien voto xochitl
973,noo yo si correcta tu si acostumbrado recibir dinero cochitl por unica ofrece dinero apantallar gente apoya pero encuestas dicen verdad
974,narco presidente felipe calderon y xochil aparte ser si mas cogupta ratera ignorante etc etc apoyada anciano decrepito fox pero sigue ignorancia ardor
975,pues asi anteriores hoy pagan apoyen tanto pri pan morena etc etc es hacen dan paso huarache
976,tan poquito aqui sinaloa estan dando disquete apoyar xochitl venga dia bolsillo
977,antiguo pri daban bajaron
978,parese gusto volver niveles pobreza salarios pri verdad
979,jajaja pan invertir nina chica opinar prian peor pudo pasar bola corruptos
980,vota pan luego quejen pais pobre
981,mismo gasto xochitl solo vuelos anunciandoce
982,xochitl acarreados gente libremente municipios mas p eligrosos
983,mochitl haitianos
984,ciraje ye dio ka inuril botarga pudo
985,xochitl tal maynez
986,xochitl q cayo metro escuela
987,xochilt proxima presidenta
988,xochilt proxima presidenta vayas aprendiendo nombre
989,jajajajjaj gelatinera trae cabeza inquilino palacio puede frenar ascenso poder xochitl va
990,xochilt dona chicles dona memes maynez idea
991,wey hundieron feo xochitl
992,xochitl trabajo garcia luna mayo zambada
993,xochitl galvez mama sra titere sr pretextos mugrena
994,xochitl galvez claudia mainez esposo fosfo fosfo
995,maynez idea xochitl titere payasa prian
996,xochitl botarguita ridicula q anda haciendo ridiculo solo titere verdaderos ratas
997,xochitl patrona mas menos
998,cochil botarga trabajo circo suena ser presidenta unicamente alcansa ser colonia
999,xochitl proxima presidenta
1000,xochitl va hacer proxima presidente
1001,xochitl va ser proxima presidenta chairo aprendete nombre ahorita
1002,proxima presidente xochilt galvez
1003,creo tal xochitl adulta mayor comporta nina menor edad plano se
1004,xochitl va sacar viejo guango palacio llena tortas frutsis amenazar empleados gobierno
1005,democracias fallidas salinas cedillo fox calderon pena mexico olvida fuera xochi tl
1006,xochitl futura presidenta maynez va cocas
1007,xochitl seguimos gusto semos acarreados focas x dinero primorena
1008,junio x noche sabras xochitl
1009,matado gente negligencia corruptelas xochitl va
1010,pues cuento xochitl candidata sacara narcomorena pais
1011,xochitl va ser presidenta
1012,xochitl galvez
1013,tagear xochitl galvez menciones incrementar si visibilifad redes vanos ganar saludos eduardo
1014,si crees xochitl galvez pienso cambiar forma pensar saludos
1015,pregunta es entonces haces aqui ofendiendo xochitl galvez forma innecesaria
1016,quien xochitl galvez
1017,perdon asi xochitl galvez
1018,xochitl galvez
1019,juan no podemos acuerdo vota claudia por xochitl galvez
1020,xochitl galvez
1021,xochitl gracias
1022,tagear xochitl galvez menciones incrementar si visibilifad redes vanos ganar saludos marypaz
1023,continuo xochitl maynez ganaran ninguna eleccion indignos prestarse ridiculo
1024,xochitl maynez utilizados respectivamente pri pan prd mc plurinominales
1025,diras xochitl
1026,tagear xochitl galvez menciones incrementar visibilidad redes vamos ganar saludos
1027,obvio xochilt acarreados
1028,claro creo vaya gente inteligente ver cochitl
1029,amis papas ofrecieron cada peri quisieron
1030,xochitl tambien
1031,bruto ponganle cero si xochitl mas corrupta
1032,hablar den pago promocion xochitl
1033,cierto torta ir apoyar xochitl galvez dieron
1034,tagear xochitl galvez menciones incrementar visibilidad redes vamos ganar saludos jose
1035,jajajaja pan contrata haitianos jajajaja
1036,jajajajaja xochitl empleados obligados asistir gente pagada
1037,pues xochitl logro sabe mas duele
1038,jajaja acarreados pagaron ir asi trabaja pri pan hecho partidos dan morena pri pan prd si
1039,irapuato ofrecian mil pesos ir ver ala ratera xochilt mejor callensen
1040,jajajajajaja creo mas creo xochitl
1041,democracias fallidas salinas cedillo fox calderon pena mexico olvida fuera xochi tl
1042,xochil galvez
1043,tagear xochitl galvez menciones incrementar visibilidad redes vamos ganar saludos norma
1044,democracias fallidas salinas cedillo fox calderon pena mexico olvida fuera xochi tl
1045,botarga galvez
1046,nomas hace abajo encuestas xochitl gelatinas
1047,botarga vendegelatinas
1048,tagear xochitl galvez menciones incrementar visibilidad redes vamos ganar saludos hector
1049,democracias fallidas salinas cedillo fox calderon pena mexico olvida fuera xochi tl
1050,logica tratas decir pan partido peor desempeno cascajo mencionas mejor
1051,entregara mexico usa dijo construira carcel alta seguridad traer amigo genaro garcia luna pri pan prd acompan
1052,chicle galvez habla inseguridad preguntaste hermana xq
1053,tagear xochitl galvez menciones incrementar visibilidad redes vamos ganar saludos niko
1054,claro esquirol atacara xochitl final declinara titina
1055,xochitl si vamos adelante
1056,equivocacion vs xochitl galvez
1057,si recuerda k ser estudiante gobierno terrible papa conto k escondian x ser estudiantes xochitl piensa k
1058,k nacieron pri diferencia k solo saqueamiento pais recuperando digo k pienso si mmdas prob
1059,criticabamos wey pri municipio habia extorsiones jajaja municipales cada anos ponte vrga
1060,mentirosos regresar pri nooo
1061,esq estan cagadas rata xochil
1062,segun mejor ratas pri
1063,pues error verdad jeje corrupcion punto mas alto peor piensan jajajaja
1064,si xochitl equivoca pronunciacion honesta corrupcion seguira
1065,clara equivocacion siempre hecho cuenta cuenta cure salud xochitl endeja endeja desgranadora maiz
1066,voten pog pan you jave wok tok xochitl mascando chicle se discurso me hice millonaria vendiendo gelatinas felicito milei michoacan yucatan stc
1067,boni queda decir senala plan bueno podra seguir corrupcion
1068,xochitl miles mija
1069,mata xochitl traiciono subconsciente
1070,ay panzona xochitl ocupa decir corrupcion viene corruptos ademas q ignorante
1071,si vale todas xochitl
1072,menos xochitl habla ella titere narcopresidente
1073,equivocacion subconsciente plan sexenio
1074,viva xochil prrps
1075,tan atenta xochitl galvez
1076,bueno xochitl caido metro colegio etc
1077,xochitl cayo metro
1078,conte xochitl mentiras
1079,xochitl nunca dicho
1080,xochitl cayo metro escuela acabo decenas personas grandes errores cuentan muuuuucho
1081,vs equivocaciones diarias xochitl
1082,tan fan xochilt cuentas
1083,ver manda videos quiero verlas sepa nomas equivoco alito
1084,quieren agarrar error botarga satanica hara retroceder
1085,gran verdad error enorme debemos corregir salir votar temprano xochitl galvez
1086,verdad si bueno prian pasaron morena asi mejor pri pan mejor ahora
1087,podria ser dada situacion vive pais oposicion mejor opcion ademas pri pan pasaron morena
1088,narco gobierno pan
1089,pues queda mas votar xotchil pan
1090,menos peor xochitl
1091,peor votar anular voto votaras xochitl
1092,vota x xochitl ella chiste cambiar partido si gusta anos oportunidad volver votar
1093,pedo dejamos entrar pan
1094,votas xochitl voto inteligente
1095,apoyas pri vdd
1096,mexico xochilt galvez chingonaaaa
1097,creo sheimbaun asi team xochilt galvez
1098,va ganar botarga
1099,mientes mejores propuestas xochilt galvez
1100,mundo sabe xochitl traeria ruina
1101,pues adelante argumentos deseo convencer nadie sentir pensar asi viva xochilt galvez
1102,nombre buenos argumentos hicieron cambiar opinion votar xochitl
1103,mios pretendo convencer nadie team xochilt galvez
1104,solo preguntate quieren xochitl lugar salio buena candidata entonces
1105,dejen botar senores senoras mayores
1106,forma expresarte dice ti igual reflejas falta conocimiento realidad pais querer votar pan
1107,corruptos ingenuo asi mejor voy xochilt
1108,nombre razon vas votar xochitl escribir nombre sabes
1109,mientras personas seguimos adelante puro xochilt galvez
1110,mexico team xochilt galvez
1111,jajajaj pretenda convencerme team xochilt galvez
1112,pocoooo lamebotas menos persigo horario publico asi xochilt galvez
1113,completamente acuerdo quieren xochitl presidente mexico ni siquiera saben argumentar estan debe contestar hace
1114,mas porqueria xochilt
1115,entristece gente viendo dice xochitl va votar
1116,jajajajaja mexico ganaremos xochilt
1117,xochilt galvez
1118,claro bot real ganaremos xochilt
1119,viva mexico viva xochilt galvez
1120,viva mexico viva xochilt galvez
1121,si q igual q xochilt toda abusada decir groseria
1122,mejor opcion asi xochilt galvez
1123,fueraaaaa morenas viva xochilt galvez
1124,cuentas fake seguro galvez habla lenguas contesto ashingai madrai lengua
1125,xochitl voto masivo venir
1126,si va votar xochitl
1127,masivo xochitl solo va pelear perder registro
1128,xochitl bien rata
1129,xochitl galvez miedo ganar
1130,equivocacion xochitl jajaja
1131,qlo si votan xochitl
1132,xochitl arreglado dientes anos crees va arreglar pais
1133,farmacias doctor simi quieren xochitl trabajo asegurado
1134,dios seria verguenza gobierne cochitl
1135,queremos xochitl pais
1136,jaja van votar comediante xochitl jajaja bonito
1137,entiendo quieren votar pri si saben
1138,diganle si mundo sabe broma va ganar xochitl hecho
1139,juntos votar xochitl pa vaya csm
1140,prefiero corrupta menos ignorante analfabeta xochil
1141,claroooo votar xochitl galvez
1142,jajajajajjaja viva xochilt
1143,resignate perdio xochitl jajaj
1144,ke viva xochitl lejos mexico
1145,mejor ir xochil
1146,vamos xochitl
1147,sii vamos cochitl perder
1148,da gracia apoyan xochitl aver escuchado propuestas tienequiere vender recuersos pais desamparar gente pobre
1149,claro puede peor votando xochitl
1150,equivocacion vs xochitl galvez vieja lisbiana
1151,jajaja vamos xochitl galvez
1152,descartar xochitl viene fox calderon ademas sido burla hace
1153,exactamente pri pan prd aquellos acusaban decian robos odiaban ahora amigos mas quitaron pedazo pastel robaban ahora si quieren volver
1154,sabemos paso col gobierno pan repetirlo si mejor aprendimos morena mejorado pais anos pri arruino
1155,xochitl presidenta
1156,si obvio idea paraguas tapar sol super buenisima idea obvio xochitl va
1157,sii vayan xochitl pero csm
1158,dos julio vamos xochilt
1159,equivocacion vs xochitl galvez
1160,nel xochitl representa conservadores radicales
1161,xochitl equivocado mas veces discursos jajajaja
1162,claro entonces cochitl tambien resbalones dicho verdad
1163,visto chiaros burlandose xochitl peores
1164,pensando xochitl pego idiota segundo
1165,asi xochitl salido veces jaja
1166,error vs errores xochil
1167,xochitl obras caidas momia rebsamen linea metro
1168,xochitl vamos llevar educacion indigenas kun
1169,si gana botarga duda voy llorar voy pais
1170,xochitl arreglado dientes anos crees va arreglar pais
1171,vamos xochitl voto mexico familia
1172,pues bien ver si dia manana arrepientes vas votar botarga
1173,solo videos acarreada pan ten fe igual dan croquetas jaja
1174,vamos xochitl
1175,mismos pri anos quieren dejarnos nuevo pri dictadura
1176,confundio xochitl
1177,telosico rato llevo pan
1178,ajjajajajaj pobres quieren regresar pri pan
1179,ustedes criticaron xochitl pos entiende jajajajaja
1180,botarga lleva buen errores asta quito chamba memes pena
1181,cualquiera equivoca w imaginate xochitl
1182,vamossssss xochitl
1183,razon estaba nerviosa pero lado xochil q siempre equivoca dice cosas luego niega q dijo
1184,esque imitando discursos xochil
1185,tambien xochitl sale bn natural todas mensadas dice
1186,asi natural xhochitl
1187,plan jajja jaja
1188,entonces empatica equivoca xochitl dejan ladrar
1189,xochitl arreglado dientes anos crees va arreglar pais
1190,xochitl arreglado dientes anos crees va arreglar pais
1191,arriba xochitl
1192,vamos xochitl
1193,pues veo pueblo hambre morena pan pri darle voto persona xochitl veo llevar pais
1194,representa morena sido pan pri etc osea misma nomas revolcada
1195,jajajaja digas mamadas vivo usa loco voto payasa xochitl lleme razones
1196,asi ano sale destruccion mexico peor creen llenaron zocalo puros acarreados vamos x xochitl actual president
1197,xochitl galvez presidente dios bendice
1198,xochitl plan democracia
1199,xochitl galvez presidente
1200,xochitl va ganar
1201,perdon comentario cada eleccion pan mismo misma promesas varita magica seg resolvera pais
1202,hace meses venia venir xochilt poner alguien importa si pierde alguien desechable
1203,xochitl si votare
1204,pz si xochitl
1205,asi siga anos mas vamos plan
1206,xochilt pura pendejada
1207,xochitl presidenta
1208,equivocaste evento y mira haces mucha falta botarga alla zacatecas
1209,rien xochitl habla vieron habla esta para dar pena jajajajajau
