0,Sentiment
ine mexico preparado fraude electoral favor xochitl galvez,3
senora respeto xochitl idea debate mejor dignidad deberia hacerse lado veo presidenta mexico lastima,2
hijo xochitl obvio baja si ayuda we digas cosas cosa familia viva vida toca gfes trabajan do militar ama puesto va bien ejemplo gastaban hermano menor mio hermano universidad llevaba dinero casi ahora apoyos pues dinero quedamos compran mejores cosas,4
lugar hacernos saber puede hacer mexico solo echar mierd sirves xochil galvez,1
ma metiche xochitl,1
siempre cuales mejores propuestas xochitl si verdad hablar muertos,4
plan c,3
plan c,3
plan c,3
plan c,3
plan c,3
plan c,3
plan c,3
plan c,3
plan c,3
xotchitl presidenta,4
plan c,3
claro xochitl mexico va volver burla total,2
asi votar xochilt maynez equivale mismo jaja,1
nuevo politica pri nepo baby,1
unico acuerdo xochil verdad,3
xochitl,4
pues resumen xochitl sono ma coherente propuestas,2
xochil definitivamente n,1
bot votan si sufrimos estragos presente administracion vamos xochitl,1
cualquier cosa menos xochitl,1
xochitl,4
ma bien xochitl,4
xochitl,4
causa conflicto gente mismo partido pidiendo votar xochitl votar x maynes voto util,2
menos tan peor xochitl,1
dio xochitl hizo bien general,4
efecto tambien pri despues ano representando partido,2
ah entonces bajo logica mejor x solo pan ahora pri jajaja,1
si xochitl seguira siendo titere pri trae,1
wey nepo baby amiguisimo samuelon pri imaginate,1
escuelas tiempo completo estan genialesvarias alto rendimiento menos nl,4
pagarles creo peor idea xochitl quitar ejercito tampoco parece deban existir escuelas tiempo completo,1
jajajaja ok xochil lover jajajaja,2
mainez mejor perfil propuestas tocaba ebrard robaron xochitl deberia declinar favor si quiere realmente salvarnos titere baum,2
ma mejores propuestas xochitl cumpliran si llegara prian poder vuelven robar cumplir hecho pri pan unido dice,2
pusieron xochitl da si,1
necesitas beca vota botarga veo representa,1
si morena pri candidata pri pan prd digo si pri dejaria ganara,1
modelo implemento pri funciono siquiera basaron modelos educativos si educacion d tiempo completo x ejemplo europa asia,1
vivo miedo xochitl mainez ganen,1
mejor opcion xochitl,4
xochitl va agarrar wey,4
conviene xochitl,3
decente jajajajja igual peor xochitl,2
xochitl neta destruiria pais,1
mainez mejor perfil propuestas tocaba ebrard robaron xochitl deberia declinar favor si quiere realmente salvarnos titere baum,2
pocas palabras xochitl sacando siempre linea doce,2
pues realmente xochitl mejores opciones dejaria paises intervinieran asuntos internos pais ahi soberania libertad acabarian,1
xochitl roba ultimo peso mexico,1
xochilt presidente dios bendiga,4
xochil,4
visto xochitl mejores propuestas problema si si va realizar,4
vamos xochitl,4
vamos xochitl,4
vivo miedo constante gane mainez xochitl,1
maynez marketing xochitl meme,1
xochil,4
miedo gane xochitl verdad,1
xochitl,4
plan c,3
verdad cree xochitl preparada ser presidenta,3
espero comentario si diga sarcasmo xochitl preparada,1
xochitl propone dar libre paso emigrantes crear citas digitales servidores gobierno siempre saturan temporada becas si dichosa tarjeta hospitales privados,4
xochitl jajajaj,1
xochitl jajajaja,1
recordemos xochitl pide intervencion extranjero pais soberano nadie debe ir ofrecernos red flag mala politica,1
digo xochitl corrupta expusieron ahi xd,1
amiga xochitl propuso ponerle paraguas sol piensalo poquito ma porfis,3
wooow xochitl si medio risa comentario,4
muchas propuestas xochitl ponen ma vulnerable pais contamos ciberseguridad adecuada aun regalar datos pueblo ir escalando partes,1
xochitl mejor,4
si xochitl propone becas universales,4
sigue siendo pri pan,1
xochil quitara becas,1
mismo prometio pena nieto pri apoco ahora si van cumplir,1
siento mejores propuestas xochitl,4
gustan ma propuestas xochitl,4
xochitl ingeniero sistemas ver presidencia maynez ma preparado,4
mejores propuestas xochitl,4
verdad corea sur alto indice estres horas estan escuela ninos pueden generar ma estres academico bastante malo,1
cierto da miedo partido preside xochitl pri pan,1
dijo nadie nunca xochitl,1
chistosa xochil,1
creo ma bien seria ref van ir maynez votar xochitl,1
xochitl galvez presidente,4
xochitl galvez presidente amamos obvio,4
vamos xochitl,4
arriba xochil,4
gusto xochitl dijo daria becas estudiantes escuelas publicas privadas,4
pues becas escuelas privadas casi siempre mismas escuelas mayoria piden requisitos promedio alto realizan estudio socioeconomico casos,1
si correle pan mayor opositor bienestar d apoyos ahora resulta adoptan,1
xochitl ligada sexenio calderon penanieto,1
xochitl convenciendo,4
apoyo nadie veo xochitl quiere mexico digitalice aun ma veo bien evitar toda burocracia sacar documentos ojala demas tambien implementen,4
si quieres apoyar tecnologia claro serian toda area proponiendo xochitl implementado singapur pais tecnologia uffff,4
xochitl jajajjajajajajajajaj,1
cualquiera menos xochitl historial gasto dinero propaganda ahora imaginate dinero publico,1
xochitl dice jajajaja,1
prefiero xochitl,4
tapemos foto cada candidato hablemos propuestas mejores xochitl maynez,4
vamos xochitl,4
xochil vamos contigo,4
xochitl,4
xochitl,4
voy millon xochitl galvez,4
xochitl mejor,4
xochitl,4
xochitl ganara tambien mucha gente,4
importa diga sra x gonzalez solo sabemos partidos cerca cien ano cumplieron hicieron quisieron plan c,1
plan csi desea votar algun candidat resgitrad escriba cuadro nombre completo plan c,1
xochitl mejor,4
propuesta problema mujer quedo xochitl ala q ma creo,1
xochitl,4
xochitl ganara tambien mucha gente,4
importa diga sra x gonzalez solo sabemos partidos cerca cien ano cumplieron hicieron quisieron plan c,1
plan csi desea votar algun candidat resgitrad escriba cuadro nombre completo plan c,4
xochitl ganara tambien mucha gente,4
importa diga sra x gonzalez solo sabemos partidos cerca cien ano cumplieron hicieron quisieron plan c,1
plan csi desea votar algun candidat resgitrad escriba cuadro nombre completo plan c,4
arriba xochitl,4
xochil vamos tigo,4
igual parejo ser innovador siento xochitl ma realista ando tomando cuenta partido solo propuesta,4
xochitl nunca propuso paso sacando temas caso dio ninguna propuesta,1
xochitl mismas pena nietooooo,1
denisse cada pregunta xochitl mm pues pregunte xochitl preguntenle difuntos lugar decidir regaste nueva frase xochiliaste,1
xochitl xochitl xochitl presidenta gano debate,4
xochitl xochitl xochitl xochitl xochitl xochitl xochitl xochitl xochitl xochitl presidenta presidenta,4
cuesta entender persona realmente apoyan xochitl,1
pues ma veamos trayectoria ahi contesta sola pregunta xochitl buena carne asada amenice chistes,1
vamos xochitl,4
xochitl gente va senora asegura sexenio bajaron femenicidios peor tipifica delito cp,4
xochitl jajaja lider tolmex,4
exacto plan continuar buen camino,4
tema debate asi xochitl metio metro,4
ademas aumentado empleos salario minimo ma alto nunca pri ah destruido economia ano,4
xochitl dijo aumentar apyos economicos ma dinero ma gente,4
xochitl p dejajsjajajsja,1
propongo xochilt valla siguiente debate,4
vi debate gracias resumen gustan ma propuestas xochitl recuperar mexico,4
xochitl mejores plane,4
voy ninguno simplemente queretaro pan porqueria destrozado mex tiempo pri practicamente do partidos politico cuales xochitl,1
puede prometer mejor acaso va cumplir pri creo,1
xochitl muertos quiero traer lleva,1
senora xochitl quiere regresar tiempo completo educacion funciona senora vivi menos vaya trabajar ver si funciona,1
xochitl presidenta,4
xochitl,4
tantas cosas buenas pueden hacer solo idea corrupcion seguridad xochitl quiere sacar fuerza nacional sur narco sr,4
mejor xochitl ganadora,4
viva xochilt galvezpero carcel,1
arriba xochilt tren maya,4
verdad si convence ma xochilt,4
senora xochitl quiere regresar tiempo completo educacion funciona senora vivi menos vaya trabajar ver si funciona,1
mejor xochitl ganadora,4
xochitl presidenta,4
xochitl,4
tantas cosas buenas pueden hacer solo idea corrupcion seguridad xochitl quiere sacar fuerza nacional sur narco sr,4
viva xochilt galvezpero carcel,1
si xochitl gana valio madre pais,4
arriba xochilt tren maya,4
importa diga sra x gonzalez solo sabemos partidos cerca cien ano cumplieron hicieron quisieron plan c,4
plan csi desea votar algun candidat resgitrad escriba cuadro nombre completo plan c,4
unico q gusto xochitl aumento maestro ama maestra,4
xochitl empresaria donald trump tambien empresario votar empresarios mala idea,1
xochitl solo quiere hacer digital ayuda casi,1
menos xochitl,1
xochitl mejores propuestas,4
xochitl nooooo,1
importa propongan importante compartan van llevar cabo propuestas solo asi ve si buen plan solo hacen castillos aire,1
mejor forma proponer nuevas estrategias xochitl galvez,4
ok facil proponer quier saber plan accion seguir logre propone,4
voy mainez xochitl,4
tarjeta ofrece habian ofrecido anteriormente parte pri ganar rateros,1
wow sorprendio acento france xochitl galvez,4
votare xochitl final cuentas ninguno ninguno limpio si quiere digitalizar pais darle futuro ninos dentro,4
verdad unicas propuestas decentes xochitl,4
propuesta problema mujer quedo xochitl ala q ma creo,1
unico esque xochil verdad,4
si buenas propuestas xochitl coopera qnq,4
dejen enganar maynez nepo baby viene pri nuevo politica busquenlo verdad voto dr simi,1
encanta cua do xochil dice preguntemos muertos xd,1
gane xochitl,4
xochitl,4
maynez parece abelito,1
xochitl quiere voto maestro,4
mejor dime osos hizo xochil,1
voy millon xochitl galvez,4
verdad si convence ma xochilt,1
xochitl,4
senora xochitl quiere regresar tiempo completo educacion funciona senora vivi menos vaya trabajar ver si funciona,1
mejor xochitl ganadora,4
xochitl presidenta,4
xochitl,4
xochitl,4
tantas cosas buenas pueden hacer solo idea corrupcion seguridad xochitl quiere sacar fuerza nacional sur narco sr,4
nombre xochitl quiere nueva china jajajajajaja,4
xochitl muertos quiero traer lleva,1
xochil,3
xochitl cumplira dice,3
desafortunadamente xochil razon nueva escuela afectando hijos,2
xochitl quiere regresar estancias sigan lavando dinero,1
q gane oa xochitl,4
mejores ofertas xochil problema cumplirlas,2
xoxhitl buenas propuestas desgraciadamente creo vaya cumplir dado mostrar tiempo campana definitivamente xochitl,2
xochitl xochitl xochitl presidenta gano debate,5
mochila traigo hermana xochitl carcel,1
denisse cada pregunta xochitl mm pues pregunte xochitl preguntenle difuntos lugar decidir regaste nueva frase xochiliaste,1
xochitl mejor verdad,5
propuestas xochitl buenas sabemos muchas va cumplir,3
chistoso microfono audifono esconde xochil jajajaa,4
xochitl va,3
xochitl dando ancho,4
irle xochitl definitivamente,4
xochitl galvez,3
xochitl tambien quiere dar tabletas,4
preocupa ver comentarios favor xochitl notis recientes pedir ma pq alcanzo,2
propuestas xochil estan bien chidas da confianza escucha solido shein va seguir misma corrupcion verdad ninguno convence,2
xochilt galvez va ganar presidencia mexico morena van,4
gane xochitl bien,5
estan ma atractivas propuestas xochitl,4
mainez mismo xochilt mascara bueno,4
xochitl presidente,5
pregunta sano juicio cree xochil galvez prianista maynez mc pan naranja,1
xochitl mejor opcion querido mexico,5
xochil propone q cunpren,2
gracioso xochitl golpearon tiraron muneco trapo pruebas desarmaban acuerdas votar,1
xochitl queriendo dar mil peso apoyo ofrecer refugii solventar mujeres independiza va calificar mujer realmente apta apoyo,2
voy maine xochitl,3
viajar lugar origen creo unico bueno dijo xochitl debate ma debate parecia alguien aqui,3
xochitl si sistema pasara tecnologia,3
seria verguenza xochil represente precidenta,1
propuestas xochil estan buenas solo q siento q cumplira,3
plan c dudarlo,2
bien pendiente mexico acuerdo menos xochil,3
xochil vio modern family,4
gustan propuestas xochitl,5
xochil quiere resolver dinero olvida documentos digitales faciles modificar xochil estaria resolviendo solo presionando nunca sale bien,2
xochitl creo,3
peleando xochitl peleando sola jajaja,1
xochitl peleando sola aun asi pierde,1
xochitl dalas,3
johnny depp editsclaudia xochitl maynezai lob you,5
seguro va xochitl,4
xochitl xochitl,5
xochitl pelea sola,1
xochitl unica friegue friegue,1
entonces xochitl q,3
ajajaja wey gano xochitl pq cree d santa muerte,1
posdebabe dijeron xochilt,3
si creo gane tal xochitl va preguntar muertos,3
xochitl,3
cree xochil ganojajajajajajaja,1
va xochilt jajajaj,3
xochil,3
xochitl dijo alfa solo fan fede,4
obvio xochitl bien dijo mesa analisis periodistica foro,4
xochitl,3
creo xochitl,3
xochitl,3
menos xochitl,2
xochitl,3
xochitl,3
xochitl,3
xochitl,3
xochitl,3
xochitl unico gano,5
entonces wey xochitl maynez chocolate,3
xochitl,3
dijieron xochitl creo maynez,1
mucha gente dice xochitl,4
xochitl,3
xochitl,3
xochitl,3
xochitl favor,4
xochitl,3
xochitl,3
xochilt proxima presidenta,5
xochitl gano dijeron noticias,4
gano xochitl maynez favor muerta ganaron,4
xochil,3
p mejor xochil peor mainez meme,2
xotchil,3
gano xochilt lamentablemente,1
menos xochilt ose corrupta,2
xochitl patrona maynez,4
definitivamente xochitl llevo ocasion,4
xochitl,3
si queremos terminar peor mejor opcion maynez xochitl,2
xochilt ma bn,3
creo arriba xochitl,4
mato si pri,1
estaria peor ganara xochitl,2
si llega ganar xochitl mexico sabra fraude electoral nuevo,1
neta malo gane cientifica vatos van votar maynez xochitl,1
si definitivamente ma preparada solamente fachada gobierno idea comunistas llevaria pais venezuela cuba mejor opcion xochilt,1
pues tres menos peor va votar xochitl maynez,2
vv bien malo gane vieja xochitl,2
t m mal plan si wey,2
ay q xochil choca,1
realidad wey hecho absolutamente payasa xochilt,1
xochilt,3
si va debatir contestar preguntas xochitl,3
xochitl,3
xochitl van humillando puede sola,1
xochil voy perdiendo,1
nooo tambien xochitl xochitl,3
entiendan q solo dije pq shippeo clau xochitl,3
xochitl,3
bana lanxochitl,1
aunado siquiera mostro cochitl imagen religion meme famoso twitter,1
claro dudo hablaba dijo xochitl imagen,1
secta adoran sta mte si sabias parece tepito habia altar enorme imagen xochitl menos solo importa dijo,1
mexico laico libertad culto playeras hizo persona partido xochitl sacar busca voto persona mayores dijo panista taylor swift,2
hable camisas hable acerca dijo xochitl,2
dijo xochitl camisas ve grafica,3
ok mucha ayuda respuesta investigue datos facilitaste abril entiendo xochitl menciona si malo creer sta mte,2
racismo si discriminacion supone mexico libertad culto basicamente dejo claro q candidata pan,1
racismo clasismo pan super catolico gobierno debe ser laico,1
racismo tal mal parte xochitl decir respetar toda religiones,3
referia xochitl perdio devotos santa,2
maynes xochitl siento toman enserio hajdjdhha,3
pues practicamente mismo q paso mid pri votaron porq pri,3
nombre trae mismas propuestas xochitl gracias,2
igual va ganar xochitl,3
si prefiero baje votos xochil solo ver si ponen alguien mejor preparada,2
xochitl fastiosa maynez,1
asesorando xochitl coranla favor va ganar peor pormlo menos va quedar tan mal,2
verdad digo igual quiero gane xochitl quedando super mal,2
xochitl,3
pues unica buena modo votamos xochitl maynez,4
sinceramente maynez xochitl em,3
ver xochitl va llevar ruina pena nieto maynez ahi quiere aumentar horas clase sheimbaun dice menos peor,2
peor xochil,1
claudia si cientifica muchas cosas ma si deben botar xochitl,3
q queria poner escuelas tiempo completo xochil,1
neel xochil,3
puede hacer maynez ma alto puesto q puede hacer,3
visto va aumentar horas escuelas cree menciono plan agregar turno matutino vespertino toda escuelas entendi,3
maynez propuesta xochilt dijo va aumentar horas escuela aprendamos ma,3
razonamiento matematico ma alto razonamiento lecturaahora excelente ingeniera ahi importancia examenes,4
xochitl,3
bueeee pues dire mientras gane xochitl to bn,3
xochitl,3
xochil parece nina chiquita,3
xochil bien inteligente,5
shipsclaudia xochitlclaudia xochitl,1
nope xochil,1
si vieron debate vieron recuerdo dijo xochitl nunca dijo maynes,3
jaja enserio piensa solo talvez gente floja cuales solo van escuela pq obligadas padre quieren perjudicar aprender ma si buscamos estudiar,2
propuestas hace maynez inviables particular exactamente mismo xochitl cuestion privatizar energia petroleo buen demagogo habla mismo,2
maynez milagro gana realidad dividir votos atraer pri pan evitar morena pierda,3
xochitl gallina escapa xd,3
xochitl,3
refiero xochitl dice rinde culto santa muerte,3
objetivo xochitl gane obstaculo xochitl,3
falto parte dice xochitl q ciclista,3
justo hace semana vi video gente usa compra camiseta pusieron noma falta vea xochitl miren,3
da risa xochitl,3
cuales propuestas dijo casi mismo debate pasado solo trataba defenderse tirarle xochitl jaksjaj,3
xochil iba cotorrear,3
supone xochitl puede pronunciar r,3
casi casi habla france xochil,3
si eligen xochil,3
neta ahora si botar,3
ahora imagina si gana xochitl xx,3
claudia maynes talvez xochitl mdr,3
pa gane xochilt perdamos pemex peso mexicano pierda valor,1
xochitl quiero gane da ternura,4
tsu xochitl quiero gane da ternura,4
ay xochilt santita jajaja,3
pina yoonmin sahval morfre jajsjsjajjajsja xochitl re agresiva,1
mientras xochitl,3
pues ma seguidores xochitl,4
suena ninguna posibilidad unica quitarle votos xochitlasi piensen si desperdician voto,2
si votas maynes medianamente bien nm mijo xochitl encerio cres persona actitud primaria debe ser presidente,1
acabas describir xochitl jajajajja cres decir dama hielo enves dar propuestas correcto,1
q esperas cambiar xochitl pena nieto tambien pri paso dolar parece si hablamos gustavo diaz ordas tambien pri esperas pase xochitl,1
ve precio dolar comparacion gobiernos dado becas cosa presidentes pri robaban gobiernos pasados tantos asesinatos prian,4
mija yaes misma mrd toda politica mexico pri pan dioooos jajajajaj,1
hace bien chistoso sigues criticando pri pan mismo gabinete morena,1
gente rica san pedro habia demasiadas casas valen ma toda casa incluyendo muebles apoyaban xochitl,2
viejitos xochitl ofendio mayores ano patrimonio,1
pan robaba ma susnproyectos inservibles,1
identifican inteligencia xochitl jajaja,3
puajajajajajajaja hace creer ratera xochitl puajajajajajaja,1
voy ningun candidato solo digo xochil opcion parece si va,3
tambien mismos partido pri expresidentes quieren q vuelva humilde pension,2
ami ma da xochil,3
xochitl,3
ma xochitl peores we,2
modos hablando xochitl,3
pues xochitl maynez mejor opcion igual corruptos,3
xochitl ve buena capacidad sobrellevar pais maynez quieren hacer dar voto simple meme asi puede,2
morenitas olvidaste paso linea metro pasaras alto mugre beca,1
conozco mucha gente obligada votar pri pq trabajo exige dudo votantes,1
xochitl peor opcion aveces comporta nina debate andaba haciende ninerias,2
maynez dejen llevar tik tok banda si echa ganas podria superara xochitl,3
si votan xochilt regresa epoca oscura pri si votan maynez serum nuevo pena nieto claudia idea ir,1
xochitl,3
pues obvio xotchil namas tire tire,2
wey pelean unica va pelear xochitl,1
xochitl,3
oye plan c aun abril,2
plan c c c cca,2
asta xochil gana,2
siendo sinceros ganar xochilt,2
amlo vez dije contrincantes aunque unan van ganar tal vez referia solo sino partido pri pan unieron,2
amlo vez dije contrincantes aunque unan van ganar tal vez referia solo sino partido pri pan unieron,2
xochitl trabajo fox calderon presidentes ma corruptos mexico,1
xochitl bien,4
simon pri pan prd corrupto,1
namames alguien pri pan prd jjajajaj,1
jajajaja venden voto pan peso,1
miedo gane xochitl,1
nmms apoco pri mejor,1
pues solo mira morena pan pri equipo dije mejor compresion lectora plis,2
ntp shavo botarga va ganar tranquis,3
igual xochitl hacer ma esperar termine,2
vota xochitl estan bien,4
si equivoco millones persona bastantes lograran superar si quiera xochil,1
xochitl,3
xochitl realidad,3
meme andante xochilt,1
xochitl xd,1
nooo xochitl,1
igual xochil vez cayo silla tonterias dice,1
meme xochitl jaja nora solo sirve hacer reir,1
vengo futuro meme xochitl,1
xochitl preguntarle muertos vez iba firmar recuadro maynez vez iba caer silla ect,2
mejor xochitl,4
cochitl basura jajaja,1
unico meme xochitl peor verdulera,1
visto ma me tonteras xochitl,1
espero gane claudia sinceramente maynez solo hizo popular cancioncita sumando pudo hacer propuestas xochitl simplemente pq pri peligro,2
uta pan peor xd conservadores discriminatorios abusan poder oponen progreso social rechazan igualdad mujeres varones mienten,1
nmms quiere votar xochitl,1
si sabes hecho xochitl busca hizo indigenas,2
preocupa gente vota maynez cancion aun ma preocupa gente va votar xochitl,1
xochitl prepotente disque progre beneficia,1
ma preferible xochitl,4
solo dire pri,1
pri decayo despues milagro mexicano si tenian buenos politico gobierno tampoco confiar basta decir endeudo ma anteriores odia,1
dijo va votar pri,1
xochitl galvez presidenta,1
mexico perdido si gana xochitl valemos ma vrg,1
ver gente quieren gane partido ma corrupto pri xochitl,1
verdad puedo creer tanta gente genuinamente vaya xochitl despues hizo debate,1
serio gente q apoya xochitl,2
gane xochitl doy bien servida,3
decirnos va votar xochitl decirnos va votar xochitl,1
xochitl galvez caballo alcanza gana proxima presidenta mexico,3
jajajaja jajajaja quisieran xochitl presidente,1
gente piensa votar xochitl quieren regresar presidentes robaron millones,1
q gane cualquiera excepto xochitl,1
xochitl arriba maynez da miedo,2
amlo vez dije contrincantes aunque unan van ganar tal vez referia solo sino partido pri pan unieron,2
preferencias xochil puro voto comprado,1
nmmn xochitl maynez xochitl solo limitado poner apodos decir estupideces,1
mentada madre persona votan xochitl siquiera deberia ser candita,1
peor maine va lugar pndjos creen marrana xochitl,1
xochitl sorprende,2
encuesta miente mainez dejo atras xochil primer debate,2
creo maynez puede tan abajo cochitl,2
debate ahora xochitl tercer lugar,2
plan c,1
plan c,1
apoco seguir legado ser titere sabes diferencia viendo xochitl si titere,1
robado dinero segun disque fuentes investigacion xdxdxd tremenda xochitl fin,1
checa acciones partido presenta liberal ma similitud pan lleno influencers imposible separar tt mayor red,1
maynez tipico prometo ganar trae plan hablo dime cualquier propuesta maynez digo va hacer matematicas filosoficamente,1
amlito,1
voto maynez voto basura xochitl galves precidenta,1
informate movimiento cuidado cochinero pan pri,1
seria voto desperdiciado maynez desafortunadamente opcion desperdiciemos votos voy xochitl,1
naaaaa pan joven,1
xochitl propone becas universal jovenes apoyo educacion motivarlos sigan estudiando,4
jajajajja si va maynez encima piojos xochilt,1
maynez posibilidades quitarle votos xochitl,2
xochitl tampoco,1
siendo pan pri mueven si pueden quieren,1
tambien votaria maynez claramente va ganar vdd menos peor xochitl,2
xochitl propone becas universales personal conozco senor sacrifican meter hijos escuelas privadas pagamos impuestos excepcion derecho becas,1
claro gobierno pena pri narco hacia jale habia apoyos seguro impuestos ma alto nunca,1
mc convergencia partido verde vende cualquiera candidato peje pan compran voto venden,1
pasado pri super red flag,1
pues mentiras dice maynez queja partido xochitl tonto jamas tirado directamente xochitl si pri pan cosa razon artos d dl viena politi,1
presidente ocuparia millones xochitl tambien ocupo ma,1
verdad justificando xochitl tambien corrupta ninguna do respetaron fechas empezar espectaculares gastaron millones,1
corrupta peor egoista imagina presidente solo maynez respeto clausulas pasa peleando inmaduras xochitl hablamos da verguenza,1
peor pri pan anteriormente,1
aun asi sigue siendo mejor xochitl galvez maynez,2
jakakajaja mismas encuestas xochitl maynez muestran supongo si real serian primeros criticar,1
pri pri corrupto,1
dividir voto arriba xochitl,1
mejor opcion desgracia cuenta presupuesto alto,1
solo contrapeso xochitl,2
defiende esposa calderon vendio reforma electrica pena sabemos vendieronetc xochitl hablemos,1
titere pusieron restar votos xochitl,1
votos prian seria aun menor si mala imagen agregas xochitl morena tambien conviene pues vuelve incondicionales simp modos voten x pri,1
mine puso amlopa restarle votos xochitl,1
informate porfavor maynez solo distraccion restarle xochitl,1
voto inutil xochitl va,1
misma dijiste voto inutil xochitl peor candidata confiar alguien supo administrar propio dinero campana,1
inutil seria votar xochitl,1
xd votarias xochitl galvez si peor claudia pues seguir actualidad votar partido resultados monterrey,1
pregunta seria haces plan serio,1
xochil nisiquera sabes diferenciar,1
estan obras pri ah existen,1
solo puede ganarle xochitl xd,1
miedo xochitl,1
correcto da miedo gane maynez xochitl lejos,1
ami xochil,1
da ma miedo xochilt,1
peor si xochitl gana,1
miedo gane xochitl,1
nombreee da terror q gane xochitl si miedo,1
miedomiedo gane xochitl,1
si experiencia pri siempre candidatos dotados sirve naranja hace,1
da miedo xochilt gane,1
pues parece ma bien pareces campana xochitl colgo apoyos sociales campana pues acuerdo,2
nadie quiere pri pan demostraron decadas sirven,1
piensa xochitl solucion enviada dios acabe mundo mejor,4
xochitl sabe hacer pastilla cree sabra hacer pais ser claro sinceros mujer gerente balneario colonia ahi,2
p siento va ganar xochitl,4
necesario fraude seres pensantes si perfecta xochitl menos peor,2
xochitl presidenta,4
indagar defiende calderon esposa voto favor reforma electrica pena sabemos vendieronetc opcion xochitl hablemos,1
creo maynez quedara segundo botarga quedara ro,1
claro q si mejor xochitl,4
si estarias haciendo sabrias perfectamente maynez pertenecio pri,1
igual obrador formo pri despues prd,1
xochitl,3
mainez mejor perfil propuestas tocaba ebrard robaron xochitl deberia declinar favor si quiere realmente salvarnos titere baum,1
ay votar botar maynes,1
botar dice,1
xochitl presidenta,3
xochitl,3
ayudan gratis pregunto ahora bien si quieren ayude ahora magicamente xochitl agarra programas sociales campana fin hipocresia,1
jajajaja dicen pri pan estabamos mejor,1
pues pan dio dinero ir meating,1
simon ma ano goberno pri pan murieron ma triple ademas metro construccion pri ahi nadie exigia mantenimiento,1
xochitl presidenta,4
chismes solo chismes viva plan c,1
voy xochilt,1
vamos xochitl,1
vamos xochitl,1
vamos xochitl,1
propuestas solo quedan votar alguien solo ma joven nota mc nuevo pan,1
xochitl vaaa,1
definitivamente si xochitl vamos pena nieto agachados gringo,1
extraordinario llama xochitl,4
creo quieras gane xochitl hermana secustrdr,1
aqui tiktok estan video dice xochitl luego niega tambien logros t,1
necesitamos salir votar datos existen va recuperando quiere decir xochitl presidente,4
datos va ganar xochitl,4
votantes muertos a bajo manga botarga,1
seguramente xochitl logro hablar muertos despues debate dijeron,1
segun dice maynes me superara xochitl,2
dice realmente va segundo lugar gracias dios xochilt va tercero,2
regresar ano prian haga bien pueblo vote forma manera plan c,1
aumento sueldo pasa sexenios demas proyectos mal hechos lleva haciendo prd libre votar quieras mientas,1
solo dijiste aumento siguen construyendo cosas patas prd,1
cuerooo queda decir importa gane xochilt sabe oportunidad,1
quieres decir pan calderon hizo fraude electoral mexico sabe menos pan dicen jamas paso si recuerdo,1
pan gano aunque duela pri gano aunque duela morena gano aunque duela gano abstencion,1
seguro piensan xochitl va almacenar agua lago texcoco potabilizar,1
mike ningun partido favor algun candidato debes ser fuerza militante serum primera vez vote candidato pan,1
sepa alito marco anaya cabeza vaca etc pluris prian profugos justicia,1
jajaja viejo pri veo profugos justicia peor viejo nuevo prian,1
incongruente candidata video dice q quitara programas sociales pan voto aumento pensiones ahora dice q programas sociales tocan,1
jamas dicho votare xochitly constitucion cualquiera llegue puede quitar opinando diciendoq si incongruente intentas justif,1
jajajajaja jamas votarias x ma mismo entonces opcion prian jajajaja cierto constitucion gracias pan minoria contrario modifi,1
entonces dice quitaransolo contradices deja justificar gobiernos defiendo pri pan morena investigo quieres votar segun odias,1
dejame adivinar viste tiktok plan nacional dime favor dice barbaridad acabas decir,1
preferible quede segundo lugar xochitl tercero claro,1
nooo puso amlopa bajarle votos xochitl asi ganar ma seguro,1
tan conscientes jamas vida votariamos xochitl,1
salir votar domingo junio xochitl galvez primera mujer presidenta unidos mexicano santiago taboada jefe gobierno cdmx,4
jajaja xochitl precidenta,1
espero asi gane xochitl,2
gane botarga,1
da miedo q gane xochitl,1
mentira xochitl va ganando encuestas,1
fundille pri,1
fundille pri pan,1
xochitl jajajjaja votarian,1
xochitl va ganando encuestas dentro prian,1
xochitl,3
xochitl va,3
vamos xochitl,3
xochitl galvez presidente,3
xochitl galvez vale millones,3
voy xochitl,3
xochitl,3
voy xochitl,3
xochitl,3
da miedo xochilt gane,1
vamos xochitl,4
unicamente milagro xochitl,1
xochitl vamos,4
da miedo xochilt gane,1
da miedo xochilt gane,1
xochilt gente mejor opcion,4
chayo andami voto xochitl galvez,4
casillas junio vamos xochitl,4
xochilt,3
xochilt,3
xochilt,3
si gana xochitl fraude,1
creo ganado voto jovenes terminos generales sigue debajo xochitl dejen influenciar saludos,4
merenistas desairaron pri,2
si para frente casa campana xochitl pues obvio,4
si entiendes maynez metieron quitar votos xochitl hoyo hace peligros siga obradorismo poder vamos comunismo,1
xochilt galvez tagtaja corrpta tambien dejo puesto politico ser candidata sabias,1
xochilt galvez tagtaja corrpta salio puesto poder ser candidata sigue cobrando sueldo senadora ve ma feo,1
do vota botarga desinflada xochilt galvez tagtaja corrpta,1
miedo hagan corrupcion pena nieto gane ignorante xochitl,1
voto util xochitl,4
xochitl presidenta,4
vamos xochitl,4
xochitl galvez vale millones,5
xochitl xochitl,3
plan c,3
miedo hagan corrupcion pena nieto gane ignorante xochitl,1
voto util xochitl,4
xochitl,3
voy xochitl,4
xochilt gente mejor opcion,4
xochitl galvez presidente,5
chayo andami voto xochitl galvez,4
plan c,3
creo maynez ahorita va crezca parido union xochitl pan pri unirse desaparezca partidos partido maynez podria hacer bue,3
xochitl ganara,5
xochitl esquina,3
da miedo xochilt gane,1
xochilt,3
sabemos ine aga trampa ponga xochitl,1
apoyos van tener diario oficial constitucion dice derecho humanos respalda apoyen xochitl maynez,4
vamos xochitl,4
unicamente milagro xochitl,1
voto morena xochitl galvez presidenta,5
gente entienda dejen sigan diciendo ignorantes voten xochitl,1
xochitl presidenta,4
xochitl galvez presidenta mexico,5
casillas junio vamos xochitl,4
preocupa xochil sabe gobernar mandataria debe ser alguien preparada,2
xochitl xochitl presidenta xochitl,3
xochilt,3
xochilt,3
xochitl va arriba,4
cambiaran candidata xochitl,3
video me ahora empate tecnico significa xochitl arriba narcomorena primor xochitl presidenta,5
xochitl vamos,4
mamada q gente diga q maynez mejores propuestas literalmente va cumplir jaja maldito acosador debe carcel,1
mexicano animo voto favor morena claudia asii diputados senadores ayudas desaparecer mapa electoral partidos corruptos pan pri prd,1
encuestas xochitl tambien ba abajo jaja,2
xochitl presidenta,4
xochitl unica puede ganar,5
maynes estrategia quitar votos xochilt,2
plan cccccc,3
plan x,3
plan c,3
plan c,3
plan c,3
plan c,3
xochil g presidente,4
xochitl,3
xochitl,3
xochitl,3
xochitl,3
xochitl presidenta,4
xochitl xochitl,3
voto xochitl,4
xochitl opcion,4
gana xochitl,5
xochitl,3
xochitl,3
vamos xochitl,4
xochitl g presidente,4
encuestas votan vivan pasado xochil va ganar,2
mainez mejor perfil propuestas tocaba ebrard robaron xochitl deberia declinar favor si quiere realmente salvarnos titere baum,4
si gana pan vivir pasado prianista,1
vamos xochitl x,4
ochitl,1
voto xochitl,4
xochitl presidenta,4
xochitl presidenta presidenta,4
mejor xochilt,4
hahahahha xochitl nombre sabes escribir,3
xochitl,3
xochilt va mexico dios,4
vamos xochilt,4
preocupan dicen xochitl,1
xochitl presidenta,4
arriba xochitl,4
xochitl g presidente,4
dicen xochilt,3
xochitl indicada,4
jajaja checa lee dejes llevar dicen gobierno xochitl experta negocios chuecos corrupcion,1
xochilt tambien hizo,1
xochitl presidenta va querer llevar teleprompter onu,1
xochitl,3
plan super vamos xochitl,5
sonando xochitl irse,1
arriba xochitl,4
mentira va arriba xochitl,1
mentira traidor confiable xochitl presidenta,1
quieren hacerte creer salgas votar xochitl si salimos saben pierden junio votar taboada xochitl congreso voto narcomorena,1
junio votar taboada xochitl congreso solo voto narcomorena narcocandidataclaudia miente miente miente titere aplaudidora patron regana,1
denuncia pasale pruebas botarga,1
xochitl,3
xochitl xochitl,3
mainez mejor perfil propuestas tocaba ebrard robaron xochitl deberia declinar favor si quiere realmente salvarnos titere baum,4
xochitl,4
xochitl presidenta,4
xochitl,3
xochitl xochitl,3
xochitl vamos,4
xochitl,3
xochitl,3
xochitl,3
xochitl siiii,4
xochitl presidente,5
xochilt presidente,5
xochitl,3
xochitl,3
xochitl,3
xochitl,3
xochitl xochitl,3
xochitl vamos,4
xochitl,3
xochitl,3
xochitl,3
xochitl,3
xochitl siiii,4
xochitl presidente,5
xochitl presidente,5
xochilt presidente,5
xochitl,3
xochitl,3
xochitl,3
xochilt presidente,5
xochitl,3
xochitl,3
vota xochitl,4
xochil,3
vota xochitl,4
xochil,3
xochilt,3
gobierno falso muertos desparecidos muertos violencia ta ahora plan c solo va hablar corrupcion enemigos imaginarios,1
aversi hacen trampa prian pri,1
fechas votar junio van votar morena pt partido verde julio van votar pri pan prd mc puntuales,1
xochitl galvez primera mujer presidenta unidos mexicano,5
estudiamos xochitl,3
bueno ustedes riquillos frustrados carreras titulos comprados quieren gobierne xochitl ignorante calle dime ma ignorante,1
pues si olvida informas bien morena peor clase politica mexico corruptosestan desechos oportunistas partidos peor pri pan bartlett,1
bueno si bien informado acabas decir toda ratas pri pan dime hermana xochitl convento,1
seguro ecatepec dicen bruta xochitl honda chido we,1
quedarias boca abierta si vieras repertorio coleccion zapatos doy compres huipil xochitl tambien chicle cree,1
apoco inclinan botarga sabe responder menos leer,1
voto xochitl galvez eduardo rivera perez,4
pues da confianza claudia voy xochitl galvez presidenta,4
xochitl jajaja ineptos,1
xochitl presidenta,4
bien xochitl,5
xochilt ganara mafia despidio recuerden puso pena nieto mafia,1
junio votar taboada xochitl congreso solo voto narcomorena narcocandidataclaudia miente miente titere aplaudidora patron regana,1
xochitl va ganar datos caso mentira,4
nombreee xochilt er lugar,1
ma cuenten aca cuantos xochil dejen inventar,1
xochitl solo bolsa mierda,1
vrg xochitl puede tener puntos,4
xochitl galvez presidenta,1
xochitl jajaja ineptos,1
xochitl presidenta,4
xochitl presidenta,4
xochilt ganara mafia despidio recuerden puso pena nieto mafia,4
junio votar taboada xochitl congreso solo voto narcomorena narcocandidataclaudia miente miente titere aplaudidora patron regana,4
xochitl va ganar datos caso mentira,4
hacen mismo pri dan tantos puntos ventaja mentira xochilt ganara elecciones pueblo quiere ano narco politico morena,1
nombreee xochilt er lugar,1
ma cuenten aca cuantos xochil dejen inventar,1
xochitl solo bolsa mierda,1
vrg xochitl puede tener puntos,4
xochitl galvez presidenta,5
xochitl jajaja ineptos,1
xochitl presidenta,4
xochitl presidenta,4
mil veces xochil,2
xochitl presidenta,4
fechas votar junio van votar morena pt partido verde julio van votar pri pan prd mc puntuales,1
xochitl va presidenta,4
xochitl presidenta,4
vamos xochitl galvez morena capaces traicionar religion seguir dictador puede esperar mexico mexico mere ma xochitl galvez,1
xochitl presidenta,5
quieren hacer creer viva xochitl galvez presidenta,5
xochilt,3
xochitl siiii,5
bien xochitl,5
arriba xochitl,5
vota xochitl,5
xochitl,5
xochitl presidenta,5
xochitl vamos,5
xochitl xochitl,5
plan c,2
xochitl,5
xochitl galvez primera mujer presidenta unidos mexicano,5
xochitl presidenta,5
nombreee xochilt er lugar,3
vrg xochitl puede tener puntos,2
vamos xochitl presidenta,5
mejor opcion xochitl presidenta,5
xochitl quiere quitar beca,2
xochitl,5
xochitl presidente,5
plan x,2
xochitl gana crean chairo corrupto ma vendido galletas animalito,2
xochil,2
xochitl galvez serum proxima presidenta mexico,5
xochitl va da miedo,2
creo si gana xochitl va ser fraude ma descarado,1
vamos puro xochitl,5
plan c,2
len vistazo propuestas xochitl buenas corrupta dicen solo critican cosas innecesarias,2
datos xochitl presidente momia opcion,2
ma partidos politico jugando libertad seguridad publica sistema salud educacion pais colapse economicamente biodiversidad totalmente devastadavamos xochitl,1
mentira xochitl va subiendo,2
plan c,2
xochitl va,2
saquemos kks rata narco presidente momia asesina ninos votemos masivamente xochitl sacar kks rata narco,1
xochitl,5
imposible xochitl ganara tendra ma votos encuestas falsas,1
plan c,2
pues casi asi botarga trae mijo harto tener presidentes ignorantes salidos circo,1
borraste dicen verdades estudian escuela paga bien pendejos votar botarga oh titere,1
totalmente botxrga jamas importado pueblo mexico,1
dice xochitl primero empresarios,5
totalmente acuerdo xochitl asalariado veo carga fiscal patron grandes espero algun dia dar buenos empleos,5
claro cabeza millones empleos imagina q jefa hogar depende toda familia entonces xochitl bajara impuestos,5
igual q xochitl,5
empresarios dan trabajo junio taboada xochitl congreso pan pri prd voto narcoclaudia mentiras titere mc morena aliados,1
xochitl galvez,5
vean botarga importan abajo solo apoyara,1
pues q pueblo primero xochitl galvez,5
estan peor chairos eligieron viejito pesar idea siempre claramente pri s encima desastre todavia defienden,1
segun rebajar impuestos si nunca pagan prefieren dar piecitos teleton jugueton toda campana tv deducir impuestos ma quieres xochitl calmese,1
empresarios pagan impuestos favor qie dice xochitl,1
xochitl preocupa rico,2
conalep produce puro emprendedor botarga ejemplo,5
empresarios dan trabajo junio taboada xochitl congreso pan pri prd voto narcoclaudia mentiras titere mc morena aliados,1
aprendas junio taboada xochitl congreso pan pri prd voto narcoclaudia mentiras corrupta titere mc morena aliados,1
lento aprendizaje junio taboada xochitl congreso pan pri prd voto narcomorena miente desvive traiciona roba mc morena aliados,1
q dan empleo si costo renta alto mejor van pais ma perjudicados trabajadores parece q,1
pocas palabras pan favor empresarios,1
perdon insulto entonces entonces comentario queja hacia pan,1
xochitl dice primero empresarios dice asi ayuda trabajadores tambien empresarios ayuda todoooooosss,5
jajaja imaginate si quiere botarga cero votos,1
empresarios dan trabajo junio taboada xochitl congreso pan pri prd voto narcoclaudia mentiras titere mc morena aliados,1
definitivamente igual q botarga,1
voy xochitl,5
ahi si acuerdo xochitl hablamos solo empresarios tipo ricardo salina si tambien dueno restauransito esquina impuesto vuelve casi,5
ahora resulta wevo debo pensar igual jajaja mal mijaaa gane xochitl,1
veeeeerrrrr mija dando comentario ahora resulta si mismo piensas atacan estan mal ojala gane xochitl,1
xochitl va ganara,5
razon xochitl va ch md,5
auto formal pri sio n,1
digas empresario ma suficiente ahora entiendo apoyo botarga,1
serum xochitl presidenta,5
cochil perdida apoyemos maynez botarga solo quiere dividir voto,1
ver xochilt respondeme pues fobaproa ayudo poquito dinero quitar unas horas hara empresarios cierren,1
cres xochitl dice,1
repito apoyaron pequenos empresarios amigo persona dime cuendo recibieron algun apoyo jamas xochilt solo ayuda arriba nunca pagan,1
elmpueblo mexico morena daremos voto ojala vean morena den menos votos pan pria puedan meter corrieron justicia darles fu,1
gasolina igual ma cara unidos inflacion tremenda unidos ven xochitl lover quieren gasolina peso parte mundo,1
viste mexico pais ma horas trabaja pone ronoso den unas horas descanzo muchacho estudia dios xochitl ingeniera creo estudiado,5
habla xochitl refiere rico verdad do empleadosde empresa tan angustiado,5
quedate gobierno plan dejar pobres pobres sigan apoyando,1
expresidentes anteriormente apoyaban empresarios empresarios nunca apoyaban trabajador xochitl apoyando rico,1
vota xochitl dar explicaciones aqui,5
pagan impuestos xochitl hablando negocio formal,1
sabes botarga xochitlgalvezr estupid sabe expresar sorprende habla,1
vine hacerte compania tambien sigo esperando amorfa galvez aclare vez ma carajos quiso decir,1
vil torpe jaja show botarga,1
ano si ve trabaja pan ve joven mejor siga vida disfrute deje mentir senora ve vida tratado bien si gana pan va ver hueso,1
eugenio garza sada creo tecnologico monterrey formar profesionistas alto nivel ademas ofrecer cursos capacitacion actualizacion crean vialidades carreteras transporte,5
ser auto empleado buena alternativa importante saber diferenciar xochitl quiere apoyar pone ferreteria farmacia tienda quiere apoyar dueno telmex coppel banco azteca gente magnate brutalmente rica mayoria favores gobierno corrupcion,1
empleadora dire tantos impuestos dejan imposible dar salarios ma alto circulo debemos apoyar,1
jajaja nadie tan tonto decir vi completo sostengo sacado contexto igual xochilt hablando indigenas educacion,1
podemos segarnos tipo video entonces xochitl peor dejar indigenas educacion trabajen tercera edad ponerle paraguas sol ay dios jajajaja,1
cierto pacoaistain tambien cierto xochitl quiere paguen menos fisco pagues seguro medico empresarios siempre ganan,5
claro dan empleo bien xochitl apoyando,5
chica tambien emprendedora pequeno local equivoques micro empresa sat condona impuestos salina ojo ahi apoya xochitl grandes empre,5
empresarios generan empleos millones mexicano respuesta inteligente xochitl podemos empresas menos pymes,5
hacian sexenios anteriores pertenece xochitl ricardo salina debe millones fisco cuadra cree,1
igual quelos ano pri,1
pregunta trampa xochitl callo,1
empresarios dan trabajo junio taboada xochitl congreso pan pri prd voto narcoclaudia mentiras titere mc morena aliados,1
si pone muchas trabas empresarios q cree q haran irse paises mucha razon dice xochitl apoya empresario q genere ma inversion aceptara reformas,1
bueno pues asi escuchaste parte xochitl pri pan siempre van querer mejor pinche pri pan siempre van querer mejor empresario,1
cree saca alto delincuentes carcel prianista pina,1
pan empresarios asi ma claro,1
empresarios dan trabajo junio taboada xochitl congreso pan pri prd voto narcoclaudia mentiras titere mc morena aliados,1
very amigo empresa tortilleria esquina ma alto imaginas sabes andas hablando,1
bien dicho botarga rico favor pueblo,5
asi espero q sector obrero q aportan pais apoye xochitl galvez fuerza corazon mexico q xochitl importa apoyar empresarios trabajadores,5
primero fifi dice xochitl,1
jajajaja preocupate vulgar corriente xochitl va ganar preocupes aclaro odio van vienen saludos fifi vemos junio,1
empresarios dan trabajo junio taboada xochitl congreso pan pri prd voto narcoclaudia mentiras titere mc morena aliados,1
chaira derechanga sabes van joder botarga burra va ganar,1
exactamente plan,1
botarga corruptosaurios pueden irse chingar toda repmasi facil,1
botarga deberas sabes q diciendo solo torta respondes,1
xochilt,3
pensar xochitl,1
si ser empresario tontos volveriamos sueldos mediocres boatarga secuestradora pega chicle,1
ose personales impuestos ponerles seguridad mira solucion tan buena ma menos viejo pri pan,1
pensar ma xochitl titere xgonzales asi gato,1
asi robaron abuelito pagar empresarios defiendes fobaproa jajaja afore inventario empresarios pri,1
telo inventas pruebas conoces video xochitl ser politica ayudando gente bajos recursos entonces hace,5
si empresa bueno xochitl si valiste verga pt quitara jaj,1
pensar xochitl piensan,1
hace xochitl,1
xochitl galvez ustedes siempre van favor ricons,5
real xochitl galvez razon,5
ay inocente xochitl habla pymes xochitl habla grandes empresarios mexico pagan campana va beneficiar pareciera viviste pri,1
pan pri siempre favor empresarios subian salario minimo,1
xochitl dijo si ganas menos k mensual pagaras impuestos va quitar responsabilidad financiera empresarios jornada laboral creas impuestos llegan ser necesarios,1
asi habla xochilt,5
asi esay q entender q siempre va defender empresarios trabajadores panpri prd,1
xochitl dice ideal condenarles impuestos empresarios seguro pagan elloslo pagan trabajadores descuentan sueldo,1
raje maynez probablemente ganes claudia xochitl si dejas atras seguramente abajo pri pan,1
madrina galvez favor esclavistas modernos,1
ocasion totalmente acuerdo contigo vio paga campana xochil jejeje saludos maynez,1
ine mexico preparado fraude electoral favor xochitl galvez,1
senora respeto xochitl idea debate mejor dignidad deberia hacerse lado veo presidenta mexico lastima,1
hijo xochitl obvio baja si ayuda we digas cosas cosa familia viva vida toca gfes trabajan do militar ama puesto va bien ejemplo gastaban hermano menor mio hermano universidad llevaba dinero casi ahora apoyos pues dinero quedamos compran mejores cosas,1
lugar hacernos saber puede hacer mexico solo echar mierd sirves xochil galvez,1
ma metiche xochitl,1
siempre cuales mejores propuestas xochitl si verdad hablar muertos,1
plan c,1
plan c,1
plan c,1
plan c,1
plan c,1
plan c,1
plan c,1
plan c,1
plan c,1
xotchitl presidenta,5
plan c,1
claro xochitl mexico va volver burla total,1
asi votar xochilt maynez equivale mismo jaja,1
nuevo politica pri nepo baby,1
unico acuerdo xochil verdad,5
xochitl,5
pues resumen xochitl sono ma coherente propuestas,1
xochil definitivamente n,1
bot votan si sufrimos estragos presente administracion vamos xochitl,1
cualquier cosa menos xochitl,1
xochitl,1
ma bien xochitl,5
xochitl,1
causa conflicto gente mismo partido pidiendo votar xochitl votar x maynes voto util,1
menos tan peor xochitl,1
dio xochitl hizo bien general,5
efecto tambien pri despues ano representando partido,1
ah entonces bajo logica mejor x solo pan ahora pri jajaja,1
si xochitl seguira siendo titere pri trae,1
wey nepo baby amiguisimo samuelon pri imaginate,1
escuelas tiempo completo estan genialesvarias alto rendimiento menos nl,5
pagarles creo peor idea xochitl quitar ejercito tampoco parece deban existir escuelas tiempo completo,1
jajajaja ok xochil lover jajajaja,1
mainez mejor perfil propuestas tocaba ebrard robaron xochitl deberia declinar favor si quiere realmente salvarnos titere baum,1
ma mejores propuestas xochitl cumpliran si llegara prian poder vuelven robar cumplir hecho pri pan unido dice,1
pusieron xochitl da si,1
necesitas beca vota botarga veo representa,1
si morena pri candidata pri pan prd digo si pri dejaria ganara,1
modelo implemento pri funciono siquiera basaron modelos educativos si educacion d tiempo completo x ejemplo europa asia,1
vivo miedo xochitl mainez ganen,1
mejor opcion xochitl,5
xochitl va agarrar wey,1
conviene xochitl,1
decente jajajajja igual peor xochitl,1
xochitl neta destruiria pais,1
mainez mejor perfil propuestas tocaba ebrard robaron xochitl deberia declinar favor si quiere realmente salvarnos titere baum,1
pocas palabras xochitl sacando siempre linea doce,1
pues realmente xochitl mejores opciones dejaria paises intervinieran asuntos internos pais ahi soberania libertad acabarian,1
xochitl roba ultimo peso mexico,1
xochilt presidente dios bendiga,5
xochil,3
visto xochitl mejores propuestas problema si si va realizar,1
vamos xochitl,5
vamos xochitl,5
vivo miedo constante gane mainez xochitl,1
maynez marketing xochitl meme,3
xochil,3
miedo gane xochitl verdad,2
xochitl,3
plan c,3
verdad cree xochitl preparada ser presidenta,4
espero comentario si diga sarcasmo xochitl preparada,3
xochitl propone dar libre paso emigrantes crear citas digitales servidores gobierno siempre saturan temporada becas si dichosa tarjeta hospitales privados,4
xochitl jajajaj,3
xochitl jajajaja,3
recordemos xochitl pide intervencion extranjero pais soberano nadie debe ir ofrecernos red flag mala politica,2
digo xochitl corrupta expusieron ahi xd,2
amiga xochitl propuso ponerle paraguas sol piensalo poquito ma porfis,3
wooow xochitl si medio risa comentario,3
muchas propuestas xochitl ponen ma vulnerable pais contamos ciberseguridad adecuada aun regalar datos pueblo ir escalando partes,3
xochitl mejor,4
si xochitl propone becas universales,4
sigue siendo pri pan,2
xochil quitara becas,2
mismo prometio pena nieto pri apoco ahora si van cumplir,2
siento mejores propuestas xochitl,4
gustan ma propuestas xochitl,4
xochitl ingeniero sistemas ver presidencia maynez ma preparado,4
mejores propuestas xochitl,4
verdad corea sur alto indice estres horas estan escuela ninos pueden generar ma estres academico bastante malo,2
cierto da miedo partido preside xochitl pri pan,2
dijo nadie nunca xochitl,3
chistosa xochil,3
creo ma bien seria ref van ir maynez votar xochitl,3
xochitl galvez presidente,4
xochitl galvez presidente amamos obvio,4
vamos xochitl,4
arriba xochil,3
gusto xochitl dijo daria becas estudiantes escuelas publicas privadas,3
pues becas escuelas privadas casi siempre mismas escuelas mayoria piden requisitos promedio alto realizan estudio socioeconomico casos,2
si correle pan mayor opositor bienestar d apoyos ahora resulta adoptan,2
xochitl ligada sexenio calderon penanieto,2
xochitl convenciendo,3
apoyo nadie veo xochitl quiere mexico digitalice aun ma veo bien evitar toda burocracia sacar documentos ojala demas tambien implementen,4
si quieres apoyar tecnologia claro serian toda area proponiendo xochitl implementado singapur pais tecnologia uffff,4
xochitl jajajjajajajajajajaj,3
cualquiera menos xochitl historial gasto dinero propaganda ahora imaginate dinero publico,2
xochitl dice jajajaja,3
prefiero xochitl,2
tapemos foto cada candidato hablemos propuestas mejores xochitl maynez,4
vamos xochitl,4
xochil vamos contigo,3
xochitl,3
xochitl,3
voy millon xochitl galvez,4
xochitl mejor,4
xochitl,3
xochitl ganara tambien mucha gente,4
importa diga sra x gonzalez solo sabemos partidos cerca cien ano cumplieron hicieron quisieron plan c,2
plan csi desea votar algun candidat resgitrad escriba cuadro nombre completo plan c,2
xochitl mejor,4
propuesta problema mujer quedo xochitl ala q ma creo,2
xochitl,3
xochitl ganara tambien mucha gente,4
importa diga sra x gonzalez solo sabemos partidos cerca cien ano cumplieron hicieron quisieron plan c,2
plan csi desea votar algun candidat resgitrad escriba cuadro nombre completo plan c,2
xochitl ganara tambien mucha gente,2
importa diga sra x gonzalez solo sabemos partidos cerca cien ano cumplieron hicieron quisieron plan c,2
plan csi desea votar algun candidat resgitrad escriba cuadro nombre completo plan c,2
arriba xochitl,4
xochil vamos tigo,3
igual parejo ser innovador siento xochitl ma realista ando tomando cuenta partido solo propuesta,3
xochitl nunca propuso paso sacando temas caso dio ninguna propuesta,2
xochitl mismas pena nietooooo,2
denisse cada pregunta xochitl mm pues pregunte xochitl preguntenle difuntos lugar decidir regaste nueva frase xochiliaste,2
xochitl xochitl xochitl presidenta gano debate,4
xochitl xochitl xochitl xochitl xochitl xochitl xochitl xochitl xochitl xochitl presidenta presidenta,4
cuesta entender persona realmente apoyan xochitl,2
pues ma veamos trayectoria ahi contesta sola pregunta xochitl buena carne asada amenice chistes,3
vamos xochitl,4
xochitl gente va senora asegura sexenio bajaron femenicidios peor tipifica delito cp,2
xochitl jajaja lider tolmex,3
exacto plan continuar buen camino,4
tema debate asi xochitl metio metro,2
ademas aumentado empleos salario minimo ma alto nunca pri ah destruido economia ano,2
xochitl dijo aumentar apyos economicos ma dinero ma gente,3
xochitl p dejajsjajajsja,2
propongo xochilt valla siguiente debate,3
vi debate gracias resumen gustan ma propuestas xochitl recuperar mexico,4
xochitl mejores plane,4
voy ninguno simplemente queretaro pan porqueria destrozado mex tiempo pri practicamente do partidos politico cuales xochitl,2
puede prometer mejor acaso va cumplir pri creo,2
xochitl muertos quiero traer lleva,2
senora xochitl quiere regresar tiempo completo educacion funciona senora vivi menos vaya trabajar ver si funciona,2
xochitl presidenta,4
xochitl,3
tantas cosas buenas pueden hacer solo idea corrupcion seguridad xochitl quiere sacar fuerza nacional sur narco sr,2
mejor xochitl ganadora,4
viva xochilt galvezpero carcel,2
arriba xochilt tren maya,3
verdad si convence ma xochilt,2
senora xochitl quiere regresar tiempo completo educacion funciona senora vivi menos vaya trabajar ver si funciona,2
mejor xochitl ganadora,4
xochitl presidenta,3
xochitl,3
tantas cosas buenas pueden hacer solo idea corrupcion seguridad xochitl quiere sacar fuerza nacional sur narco sr,2
viva xochilt galvezpero carcel,2
si xochitl gana valio madre pais,2
arriba xochilt tren maya,3
importa diga sra x gonzalez solo sabemos partidos cerca cien ano cumplieron hicieron quisieron plan c,2
plan csi desea votar algun candidat resgitrad escriba cuadro nombre completo plan c,2
unico q gusto xochitl aumento maestro ama maestra,3
xochitl empresaria donald trump tambien empresario votar empresarios mala idea,2
xochitl solo quiere hacer digital ayuda casi,3
menos xochitl,2
xochitl mejores propuestas,4
xochitl nooooo,2
importa propongan importante compartan van llevar cabo propuestas solo asi ve si buen plan solo hacen castillos aire,3
mejor forma proponer nuevas estrategias xochitl galvez,4
ok facil proponer quier saber plan accion seguir logre propone,3
voy mainez xochitl,3
tarjeta ofrece habian ofrecido anteriormente parte pri ganar rateros,2
wow sorprendio acento france xochitl galvez,3
votare xochitl final cuentas ninguno ninguno limpio si quiere digitalizar pais darle futuro ninos dentro,4
verdad unicas propuestas decentes xochitl,4
propuesta problema mujer quedo xochitl ala q ma creo,2
unico esque xochil verdad,2
si buenas propuestas xochitl coopera qnq,3
dejen enganar maynez nepo baby viene pri nuevo politica busquenlo verdad voto dr simi,2
encanta cua do xochil dice preguntemos muertos xd,3
gane xochitl,4
xochitl,3
maynez parece abelito,3
xochitl quiere voto maestro,3
mejor dime osos hizo xochil,3
voy millon xochitl galvez,4
verdad si convence ma xochilt,3
xochitl,3
senora xochitl quiere regresar tiempo completo educacion funciona senora vivi menos vaya trabajar ver si funciona,2
mejor xochitl ganadora,4
xochitl presidenta,4
xochitl,3
xochitl,3
tantas cosas buenas pueden hacer solo idea corrupcion seguridad xochitl quiere sacar fuerza nacional sur narco sr,2
nombre xochitl quiere nueva china jajajajajaja,3
xochitl muertos quiero traer lleva,2
xochil,3
xochitl cumplira dice,2
desafortunadamente xochil razon nueva escuela afectando hijos,2
xochitl quiere regresar estancias sigan lavando dinero,2
q gane oa xochitl,3
mejores ofertas xochil problema cumplirlas,2
xoxhitl buenas propuestas desgraciadamente creo vaya cumplir dado mostrar tiempo campana definitivamente xochitl,2
xochitl xochitl xochitl presidenta gano debate,4
mochila traigo hermana xochitl carcel,2
denisse cada pregunta xochitl mm pues pregunte xochitl preguntenle difuntos lugar decidir regaste nueva frase xochiliaste,2
xochitl mejor verdad,4
propuestas xochitl buenas sabemos muchas va cumplir,4
chistoso microfono audifono esconde xochil jajajaa,3
xochitl va,3
xochitl dando ancho,3
irle xochitl definitivamente,3
xochitl galvez,3
xochitl tambien quiere dar tabletas,3
preocupa ver comentarios favor xochitl notis recientes pedir ma pq alcanzo,2
propuestas xochil estan bien chidas da confianza escucha solido shein va seguir misma corrupcion verdad ninguno convence,2
xochilt galvez va ganar presidencia mexico morena van,4
gane xochitl bien,4
estan ma atractivas propuestas xochitl,4
mainez mismo xochilt mascara bueno,3
xochitl presidente,4
pregunta sano juicio cree xochil galvez prianista maynez mc pan naranja,4
xochitl mejor opcion querido mexico,4
xochil propone q cunpren,2
gracioso xochitl golpearon tiraron muneco trapo pruebas desarmaban acuerdas votar,3
xochitl queriendo dar mil peso apoyo ofrecer refugii solventar mujeres independiza va calificar mujer realmente apta apoyo,3
voy maine xochitl,3
viajar lugar origen creo unico bueno dijo xochitl debate ma debate parecia alguien aqui,3
xochitl si sistema pasara tecnologia,3
seria verguenza xochil represente precidenta,2
propuestas xochil estan buenas solo q siento q cumplira,3
plan c dudarlo,2
bien pendiente mexico acuerdo menos xochil,3
xochil vio modern family,3
gustan propuestas xochitl,4
xochil quiere resolver dinero olvida documentos digitales faciles modificar xochil estaria resolviendo solo presionando nunca sale bien,3
xochitl creo,3
peleando xochitl peleando sola jajaja,3
xochitl peleando sola aun asi pierde,2
xochitl dalas,2
johnny depp editsclaudia xochitl maynezai lob you,3
seguro va xochitl,3
xochitl xochitl,3
xochitl pelea sola,2
xochitl unica friegue friegue,2
entonces xochitl q,2
ajajaja wey gano xochitl pq cree d santa muerte,3
posdebabe dijeron xochilt,3
si creo gane tal xochitl va preguntar muertos,3
xochitl,3
cree xochil ganojajajajajajaja,3
va xochilt jajajaj,3
xochil,3
xochitl dijo alfa solo fan fede,3
obvio xochitl bien dijo mesa analisis periodistica foro,4
xochitl,3
creo xochitl,3
xochitl,3
menos xochitl,2
xochitl,3
xochitl,3
xochitl,3
xochitl,3
xochitl,3
xochitl unico gano,4
entonces wey xochitl maynez chocolate,2
xochitl,3
dijieron xochitl creo maynez,2
mucha gente dice xochitl,3
xochitl,3
xochitl,3
xochitl,3
xochitl favor,4
xochitl,3
xochitl,3
xochilt proxima presidenta,4
xochitl gano dijeron noticias,4
gano xochitl maynez favor muerta ganaron,2
xochil,2
p mejor xochil peor mainez meme,2
xotchil,2
gano xochilt lamentablemente,2
menos xochilt ose corrupta,2
xochitl patrona maynez,3
definitivamente xochitl llevo ocasion,4
xochitl,3
si queremos terminar peor mejor opcion maynez xochitl,2
xochilt ma bn,3
creo arriba xochitl,3
mato si pri,2
estaria peor ganara xochitl,2
si llega ganar xochitl mexico sabra fraude electoral nuevo,1
neta malo gane cientifica vatos van votar maynez xochitl,1
si definitivamente ma preparada solamente fachada gobierno idea comunistas llevaria pais venezuela cuba mejor opcion xochilt,1
pues tres menos peor va votar xochitl maynez,2
vv bien malo gane vieja xochitl,2
t m mal plan si wey,2
ay q xochil choca,2
realidad wey hecho absolutamente payasa xochilt,2
xochilt,3
si va debatir contestar preguntas xochitl,3
xochitl,2
xochitl van humillando puede sola,2
xochil voy perdiendo,2
nooo tambien xochitl xochitl,2
entiendan q solo dije pq shippeo clau xochitl,2
xochitl,3
bana lanxochitl,2
aunado siquiera mostro cochitl imagen religion meme famoso twitter,2
claro dudo hablaba dijo xochitl imagen,2
secta adoran sta mte si sabias parece tepito habia altar enorme imagen xochitl menos solo importa dijo,2
mexico laico libertad culto playeras hizo persona partido xochitl sacar busca voto persona mayores dijo panista taylor swift,2
hable camisas hable acerca dijo xochitl,2
dijo xochitl camisas ve grafica,2
ok mucha ayuda respuesta investigue datos facilitaste abril entiendo xochitl menciona si malo creer sta mte,2
racismo si discriminacion supone mexico libertad culto basicamente dejo claro q candidata pan,2
racismo clasismo pan super catolico gobierno debe ser laico,2
racismo tal mal parte xochitl decir respetar toda religiones,2
referia xochitl perdio devotos santa,2
maynes xochitl siento toman enserio hajdjdhha,2
pues practicamente mismo q paso mid pri votaron porq pri,2
nombre trae mismas propuestas xochitl gracias,2
igual va ganar xochitl,2
si prefiero baje votos xochil solo ver si ponen alguien mejor preparada,2
xochitl fastiosa maynez,2
asesorando xochitl coranla favor va ganar peor pormlo menos va quedar tan mal,2
verdad digo igual quiero gane xochitl quedando super mal,2
xochitl,3
pues unica buena modo votamos xochitl maynez,3
sinceramente maynez xochitl em,2
ver xochitl va llevar ruina pena nieto maynez ahi quiere aumentar horas clase sheimbaun dice menos peor,2
peor xochil,2
claudia si cientifica muchas cosas ma si deben botar xochitl,2
q queria poner escuelas tiempo completo xochil,2
neel xochil,2
puede hacer maynez ma alto puesto q puede hacer,2
visto va aumentar horas escuelas cree menciono plan agregar turno matutino vespertino toda escuelas entendi,2
maynez propuesta xochilt dijo va aumentar horas escuela aprendamos ma,2
razonamiento matematico ma alto razonamiento lecturaahora excelente ingeniera ahi importancia examenes,2
xochitl,3
bueeee pues dire mientras gane xochitl to bn,4
xochitl,3
xochil parece nina chiquita,3
xochil bien inteligente,3
shipsclaudia xochitlclaudia xochitl,3
nope xochil,2
si vieron debate vieron recuerdo dijo xochitl nunca dijo maynes,2
jaja enserio piensa solo talvez gente floja cuales solo van escuela pq obligadas padre quieren perjudicar aprender ma si buscamos estudiar,2
propuestas hace maynez inviables particular exactamente mismo xochitl cuestion privatizar energia petroleo buen demagogo habla mismo,2
maynez milagro gana realidad dividir votos atraer pri pan evitar morena pierda,2
xochitl gallina escapa xd,2
xochitl,3
refiero xochitl dice rinde culto santa muerte,2
objetivo xochitl gane obstaculo xochitl,2
falto parte dice xochitl q ciclista,2
justo hace semana vi video gente usa compra camiseta pusieron noma falta vea xochitl miren,2
da risa xochitl,2
cuales propuestas dijo casi mismo debate pasado solo trataba defenderse tirarle xochitl jaksjaj,2
xochil iba cotorrear,2
supone xochitl puede pronunciar r,2
casi casi habla france xochil,2
si eligen xochil,2
neta ahora si botar,2
ahora imagina si gana xochitl xx,1
claudia maynes talvez xochitl mdr,2
pa gane xochilt perdamos pemex peso mexicano pierda valor,1
xochitl quiero gane da ternura,4
tsu xochitl quiero gane da ternura,4
ay xochilt santita jajaja,2
pina yoonmin sahval morfre jajsjsjajjajsja xochitl re agresiva,2
mientras xochitl,2
pues ma seguidores xochitl,2
suena ninguna posibilidad unica quitarle votos xochitlasi piensen si desperdician voto,2
si votas maynes medianamente bien nm mijo xochitl encerio cres persona actitud primaria debe ser presidente,2
acabas describir xochitl jajajajja cres decir dama hielo enves dar propuestas correcto,2
q esperas cambiar xochitl pena nieto tambien pri paso dolar parece si hablamos gustavo diaz ordas tambien pri esperas pase xochitl,2
ve precio dolar comparacion gobiernos dado becas cosa presidentes pri robaban gobiernos pasados tantos asesinatos prian,2
mija yaes misma mrd toda politica mexico pri pan dioooos jajajajaj,2
hace bien chistoso sigues criticando pri pan mismo gabinete morena,2
gente rica san pedro habia demasiadas casas valen ma toda casa incluyendo muebles apoyaban xochitl,2
viejitos xochitl ofendio mayores ano patrimonio,2
pan robaba ma susnproyectos inservibles,2
identifican inteligencia xochitl jajaja,2
puajajajajajajaja hace creer ratera xochitl puajajajajajaja,2
voy ningun candidato solo digo xochil opcion parece si va,2
tambien mismos partido pri expresidentes quieren q vuelva humilde pension,2
ami ma da xochil,2
xochitl,3
ma xochitl peores we,2
modos hablando xochitl,2
pues xochitl maynez mejor opcion igual corruptos,2
xochitl ve buena capacidad sobrellevar pais maynez quieren hacer dar voto simple meme asi puede,2
morenitas olvidaste paso linea metro pasaras alto mugre beca,2
conozco mucha gente obligada votar pri pq trabajo exige dudo votantes,2
xochitl peor opcion aveces comporta nina debate andaba haciende ninerias,2
maynez dejen llevar tik tok banda si echa ganas podria superara xochitl,2
si votan xochilt regresa epoca oscura pri si votan maynez serum nuevo pena nieto claudia idea ir,2
xochitl,3
pues obvio xotchil namas tire tire,2
wey pelean unica va pelear xochitl,2
xochitl,3
oye plan c aun abril,2
plan c c c cca,2
asta xochil gana,2
siendo sinceros ganar xochilt,2
amlo vez dije contrincantes aunque unan van ganar tal vez referia solo sino partido pri pan unieron,2
amlo vez dije contrincantes aunque unan van ganar tal vez referia solo sino partido pri pan unieron,2
xochitl trabajo fox calderon presidentes ma corruptos mexico,2
xochitl bien,4
simon pri pan prd corrupto,2
namames alguien pri pan prd jjajajaj,2
jajajaja venden voto pan peso,2
miedo gane xochitl,1
nmms apoco pri mejor,2
pues solo mira morena pan pri equipo dije mejor compresion lectora plis,2
ntp shavo botarga va ganar tranquis,2
igual xochitl hacer ma esperar termine,2
vota xochitl estan bien,2
si equivoco millones persona bastantes lograran superar si quiera xochil,2
xochitl,3
xochitl realidad,3
meme andante xochilt,2
xochitl xd,2
nooo xochitl,2
igual xochil vez cayo silla tonterias dice,2
meme xochitl jaja nora solo sirve hacer reir,2
vengo futuro meme xochitl,2
xochitl preguntarle muertos vez iba firmar recuadro maynez vez iba caer silla ect,2
mejor xochitl,3
cochitl basura jajaja,2
unico meme xochitl peor verdulera,2
visto ma me tonteras xochitl,2
espero gane claudia sinceramente maynez solo hizo popular cancioncita sumando pudo hacer propuestas xochitl simplemente pq pri peligro,2
uta pan peor xd conservadores discriminatorios abusan poder oponen progreso social rechazan igualdad mujeres varones mienten,1
nmms quiere votar xochitl,2
si sabes hecho xochitl busca hizo indigenas,2
preocupa gente vota maynez cancion aun ma preocupa gente va votar xochitl,2
xochitl prepotente disque progre beneficia,2
ma preferible xochitl,2
solo dire pri,2
pri decayo despues milagro mexicano si tenian buenos politico gobierno tampoco confiar basta decir endeudo ma anteriores odia,2
dijo va votar pri,2
xochitl galvez presidenta,2
mexico perdido si gana xochitl valemos ma vrg,1
ver gente quieren gane partido ma corrupto pri xochitl,2
verdad puedo creer tanta gente genuinamente vaya xochitl despues hizo debate,2
serio gente q apoya xochitl,2
gane xochitl doy bien servida,2
decirnos va votar xochitl decirnos va votar xochitl,2
xochitl galvez caballo alcanza gana proxima presidenta mexico,4
jajajaja jajajaja quisieran xochitl presidente,2
gente piensa votar xochitl quieren regresar presidentes robaron millones,1
q gane cualquiera excepto xochitl,2
xochitl arriba maynez da miedo,2
amlo vez dije contrincantes aunque unan van ganar tal vez referia solo sino partido pri pan unieron,2
preferencias xochil puro voto comprado,1
nmmn xochitl maynez xochitl solo limitado poner apodos decir estupideces,1
mentada madre persona votan xochitl siquiera deberia ser candita,1
peor maine va lugar pndjos creen marrana xochitl,1
xochitl sorprende,5
encuesta miente mainez dejo atras xochil primer debate,3
creo maynez puede tan abajo cochitl,3
debate ahora xochitl tercer lugar,3
plan c,3
plan c,3
apoco seguir legado ser titere sabes diferencia viendo xochitl si titere,1
robado dinero segun disque fuentes investigacion xdxdxd tremenda xochitl fin,1
checa acciones partido presenta liberal ma similitud pan lleno influencers imposible separar tt mayor red,1
maynez tipico prometo ganar trae plan hablo dime cualquier propuesta maynez digo va hacer matematicas filosoficamente,1
amlito,5
voto maynez voto basura xochitl galves precidenta,1
informate movimiento cuidado cochinero pan pri,1
seria voto desperdiciado maynez desafortunadamente opcion desperdiciemos votos voy xochitl,1
naaaaa pan joven,3
xochitl propone becas universal jovenes apoyo educacion motivarlos sigan estudiando,5
jajajajja si va maynez encima piojos xochilt,1
maynez posibilidades quitarle votos xochitl,3
xochitl tampoco,1
siendo pan pri mueven si pueden quieren,1
tambien votaria maynez claramente va ganar vdd menos peor xochitl,3
xochitl propone becas universales personal conozco senor sacrifican meter hijos escuelas privadas pagamos impuestos excepcion derecho becas,5
claro gobierno pena pri narco hacia jale habia apoyos seguro impuestos ma alto nunca,1
mc convergencia partido verde vende cualquiera candidato peje pan compran voto venden,1
pasado pri super red flag,1
pues mentiras dice maynez queja partido xochitl tonto jamas tirado directamente xochitl si pri pan cosa razon artos d dl viena politi,1
presidente ocuparia millones xochitl tambien ocupo ma,1
verdad justificando xochitl tambien corrupta ninguna do respetaron fechas empezar espectaculares gastaron millones,1
corrupta peor egoista imagina presidente solo maynez respeto clausulas pasa peleando inmaduras xochitl hablamos da verguenza,1
peor pri pan anteriormente,1
aun asi sigue siendo mejor xochitl galvez maynez,3
jakakajaja mismas encuestas xochitl maynez muestran supongo si real serian primeros criticar,1
pri pri corrupto,1
dividir voto arriba xochitl,3
mejor opcion desgracia cuenta presupuesto alto,3
solo contrapeso xochitl,3
defiende esposa calderon vendio reforma electrica pena sabemos vendieronetc xochitl hablemos,1
titere pusieron restar votos xochitl,1
votos prian seria aun menor si mala imagen agregas xochitl morena tambien conviene pues vuelve incondicionales simp modos voten x pri,1
mine puso amlopa restarle votos xochitl,1
informate porfavor maynez solo distraccion restarle xochitl,1
voto inutil xochitl va,1
misma dijiste voto inutil xochitl peor candidata confiar alguien supo administrar propio dinero campana,1
inutil seria votar xochitl,1
xd votarias xochitl galvez si peor claudia pues seguir actualidad votar partido resultados monterrey,1
pregunta seria haces plan serio,1
xochil nisiquera sabes diferenciar,1
estan obras pri ah existen,1
solo puede ganarle xochitl xd,5
miedo xochitl,5
correcto da miedo gane maynez xochitl lejos,1
ami xochil,5
da ma miedo xochilt,1
peor si xochitl gana,1
miedo gane xochitl,1
nombreee da terror q gane xochitl si miedo,1
miedomiedo gane xochitl,1
si experiencia pri siempre candidatos dotados sirve naranja hace,1
da miedo xochilt gane,1
pues parece ma bien pareces campana xochitl colgo apoyos sociales campana pues acuerdo,3
nadie quiere pri pan demostraron decadas sirven,1
piensa xochitl solucion enviada dios acabe mundo mejor,5
xochitl sabe hacer pastilla cree sabra hacer pais ser claro sinceros mujer gerente balneario colonia ahi,1
p siento va ganar xochitl,3
necesario fraude seres pensantes si perfecta xochitl menos peor,3
xochitl presidenta,5
indagar defiende calderon esposa voto favor reforma electrica pena sabemos vendieronetc opcion xochitl hablemos,1
creo maynez quedara segundo botarga quedara ro,3
claro q si mejor xochitl,5
si estarias haciendo sabrias perfectamente maynez pertenecio pri,1
igual obrador formo pri despues prd,1
xochitl,5
mainez mejor perfil propuestas tocaba ebrard robaron xochitl deberia declinar favor si quiere realmente salvarnos titere baum,3
ay votar botar maynes,1
botar dice,1
xochitl presidenta,5
xochitl,5
ayudan gratis pregunto ahora bien si quieren ayude ahora magicamente xochitl agarra programas sociales campana fin hipocresia,1
jajajaja dicen pri pan estabamos mejor,1
pues pan dio dinero ir meating,1
simon ma ano goberno pri pan murieron ma triple ademas metro construccion pri ahi nadie exigia mantenimiento,1
xochitl presidenta,5
chismes solo chismes viva plan c,1
voy xochilt,3
vamos xochitl,5
vamos xochitl,5
vamos xochitl,5
propuestas solo quedan votar alguien solo ma joven nota mc nuevo pan,3
xochitl vaaa,5
definitivamente si xochitl vamos pena nieto agachados gringo,1
extraordinario llama xochitl,5
creo quieras gane xochitl hermana secustrdr,1
aqui tiktok estan video dice xochitl luego niega tambien logros t,1
necesitamos salir votar datos existen va recuperando quiere decir xochitl presidente,3
datos va ganar xochitl,3
votantes muertos a bajo manga botarga,1
seguramente xochitl logro hablar muertos despues debate dijeron,1
segun dice maynes me superara xochitl,3
dice realmente va segundo lugar gracias dios xochilt va tercero,3
regresar ano prian haga bien pueblo vote forma manera plan c,3
aumento sueldo pasa sexenios demas proyectos mal hechos lleva haciendo prd libre votar quieras mientas,1
solo dijiste aumento siguen construyendo cosas patas prd,1
cuerooo queda decir importa gane xochilt sabe oportunidad,1
quieres decir pan calderon hizo fraude electoral mexico sabe menos pan dicen jamas paso si recuerdo,1
pan gano aunque duela pri gano aunque duela morena gano aunque duela gano abstencion,1
seguro piensan xochitl va almacenar agua lago texcoco potabilizar,1
mike ningun partido favor algun candidato debes ser fuerza militante serum primera vez vote candidato pan,1
sepa alito marco anaya cabeza vaca etc pluris prian profugos justicia,1
jajaja viejo pri veo profugos justicia peor viejo nuevo prian,1
incongruente candidata video dice q quitara programas sociales pan voto aumento pensiones ahora dice q programas sociales tocan,1
jamas dicho votare xochitly constitucion cualquiera llegue puede quitar opinando diciendoq si incongruente intentas justif,1
jajajajaja jamas votarias x ma mismo entonces opcion prian jajajaja cierto constitucion gracias pan minoria contrario modifi,1
entonces dice quitaransolo contradices deja justificar gobiernos defiendo pri pan morena investigo quieres votar segun odias,1
dejame adivinar viste tiktok plan nacional dime favor dice barbaridad acabas decir,1
preferible quede segundo lugar xochitl tercero claro,3
nooo puso amlopa bajarle votos xochitl asi ganar ma seguro,1
tan conscientes jamas vida votariamos xochitl,1
salir votar domingo junio xochitl galvez primera mujer presidenta unidos mexicano santiago taboada jefe gobierno cdmx,5
jajaja xochitl precidenta,5
espero asi gane xochitl,1
gane botarga,1
da miedo q gane xochitl,1
mentira xochitl va ganando encuestas,1
fundille pri,1
fundille pri pan,1
xochitl jajajjaja votarian,1
xochitl va ganando encuestas dentro prian,1
xochitl,1
xochitl va,1
vamos xochitl,1
xochitl galvez presidente,5
xochitl galvez vale millones,5
voy xochitl,1
xochitl,5
voy xochitl,1
xochitl,5
da miedo xochilt gane,1
vamos xochitl,5
unicamente milagro xochitl,1
xochitl vamos,5
da miedo xochilt gane,1
da miedo xochilt gane,1
xochilt gente mejor opcion,5
chayo andami voto xochitl galvez,1
casillas junio vamos xochitl,1
xochilt,5
xochilt,5
xochilt,5
si gana xochitl fraude,1
creo ganado voto jovenes terminos generales sigue debajo xochitl dejen influenciar saludos,3
merenistas desairaron pri,1
si para frente casa campana xochitl pues obvio,1
si entiendes maynez metieron quitar votos xochitl hoyo hace peligros siga obradorismo poder vamos comunismo,1
xochilt galvez tagtaja corrpta tambien dejo puesto politico ser candidata sabias,1
xochilt galvez tagtaja corrpta salio puesto poder ser candidata sigue cobrando sueldo senadora ve ma feo,1
do vota botarga desinflada xochilt galvez tagtaja corrpta,1
miedo hagan corrupcion pena nieto gane ignorante xochitl,1
voto util xochitl,5
xochitl presidenta,5
vamos xochitl,5
xochitl galvez vale millones,5
xochitl xochitl,5
plan c,3
miedo hagan corrupcion pena nieto gane ignorante xochitl,1
voto util xochitl,5
xochitl,1
voy xochitl,5
xochilt gente mejor opcion,5
xochitl galvez presidente,5
chayo andami voto xochitl galvez,5
plan c,3
creo maynez ahorita va crezca parido union xochitl pan pri unirse desaparezca partidos partido maynez podria hacer bue,3
xochitl ganara,5
xochitl esquina,1
da miedo xochilt gane,1
xochilt,1
sabemos ine aga trampa ponga xochitl,1
apoyos van tener diario oficial constitucion dice derecho humanos respalda apoyen xochitl maynez,3
vamos xochitl,5
unicamente milagro xochitl,1
voto morena xochitl galvez presidenta,5
gente entienda dejen sigan diciendo ignorantes voten xochitl,1
xochitl presidenta,5
xochitl galvez presidenta mexico,5
casillas junio vamos xochitl,5
preocupa xochil sabe gobernar mandataria debe ser alguien preparada,1
xochitl xochitl presidenta xochitl,5
xochilt,1
xochilt,1
xochitl va arriba,5
cambiaran candidata xochitl,1
video me ahora empate tecnico significa xochitl arriba narcomorena primor xochitl presidenta,5
xochitl vamos,1
mamada q gente diga q maynez mejores propuestas literalmente va cumplir jaja maldito acosador debe carcel,1
mexicano animo voto favor morena claudia asii diputados senadores ayudas desaparecer mapa electoral partidos corruptos pan pri prd,1
encuestas xochitl tambien ba abajo jaja,1
xochitl presidenta,4
xochitl unica puede ganar,5
maynes estrategia quitar votos xochilt,2
plan cccccc,3
plan x,3
plan c,3
plan c,3
plan c,3
plan c,3
xochil g presidente,4
xochitl,4
xochitl,4
xochitl,4
xochitl,4
xochitl presidenta,4
xochitl xochitl,4
voto xochitl,4
xochitl opcion,4
gana xochitl,4
xochitl,4
xochitl,4
vamos xochitl,4
xochitl g presidente,4
encuestas votan vivan pasado xochil va ganar,2
mainez mejor perfil propuestas tocaba ebrard robaron xochitl deberia declinar favor si quiere realmente salvarnos titere baum,1
si gana pan vivir pasado prianista,1
vamos xochitl x,4
ochitl,2
voto xochitl,4
xochitl presidenta,4
xochitl presidenta presidenta,4
mejor xochilt,4
hahahahha xochitl nombre sabes escribir,2
xochitl,4
xochilt va mexico dios,1
vamos xochilt,4
preocupan dicen xochitl,2
xochitl presidenta,4
arriba xochitl,4
xochitl g presidente,4
dicen xochilt,2
xochitl indicada,4
jajaja checa lee dejes llevar dicen gobierno xochitl experta negocios chuecos corrupcion,1
xochilt tambien hizo,2
xochitl presidenta va querer llevar teleprompter onu,2
xochitl,4
plan super vamos xochitl,4
sonando xochitl irse,2
arriba xochitl,4
mentira va arriba xochitl,2
mentira traidor confiable xochitl presidenta,2
quieren hacerte creer salgas votar xochitl si salimos saben pierden junio votar taboada xochitl congreso voto narcomorena,1
junio votar taboada xochitl congreso solo voto narcomorena narcocandidataclaudia miente miente miente titere aplaudidora patron regana,1
denuncia pasale pruebas botarga,1
xochitl,4
xochitl xochitl,4
mainez mejor perfil propuestas tocaba ebrard robaron xochitl deberia declinar favor si quiere realmente salvarnos titere baum,1
xochitl,4
xochitl presidenta,4
xochitl,4
xochitl xochitl,4
xochitl vamos,4
xochitl,4
xochitl,4
xochitl,4
xochitl siiii,4
xochitl presidente,4
xochilt presidente,1
xochitl,4
xochitl,4
xochitl,4
xochitl,4
xochitl xochitl,4
xochitl vamos,4
xochitl,4
xochitl,4
xochitl,4
xochitl,4
xochitl siiii,4
xochitl presidente,4
xochitl presidente,4
xochilt presidente,1
xochitl,4
xochitl,4
xochitl,4
xochilt presidente,1
xochitl,4
xochitl,4
vota xochitl,4
xochil,1
vota xochitl,4
xochil,1
xochilt,1
gobierno falso muertos desparecidos muertos violencia ta ahora plan c solo va hablar corrupcion enemigos imaginarios,1
aversi hacen trampa prian pri,1
fechas votar junio van votar morena pt partido verde julio van votar pri pan prd mc puntuales,3
xochitl galvez primera mujer presidenta unidos mexicano,5
estudiamos xochitl,4
bueno ustedes riquillos frustrados carreras titulos comprados quieren gobierne xochitl ignorante calle dime ma ignorante,2
pues si olvida informas bien morena peor clase politica mexico corruptosestan desechos oportunistas partidos peor pri pan bartlett,1
bueno si bien informado acabas decir toda ratas pri pan dime hermana xochitl convento,1
seguro ecatepec dicen bruta xochitl honda chido we,1
quedarias boca abierta si vieras repertorio coleccion zapatos doy compres huipil xochitl tambien chicle cree,1
apoco inclinan botarga sabe responder menos leer,1
voto xochitl galvez eduardo rivera perez,4
pues da confianza claudia voy xochitl galvez presidenta,5
xochitl jajaja ineptos,1
xochitl presidenta,4
bien xochitl,5
xochilt ganara mafia despidio recuerden puso pena nieto mafia,2
junio votar taboada xochitl congreso solo voto narcomorena narcocandidataclaudia miente miente titere aplaudidora patron regana,1
xochitl va ganar datos caso mentira,2
nombreee xochilt er lugar,1
ma cuenten aca cuantos xochil dejen inventar,1
xochitl solo bolsa mierda,1
vrg xochitl puede tener puntos,4
xochitl galvez presidenta,1
xochitl jajaja ineptos,4
xochitl presidenta,4
xochitl presidenta,4
xochilt ganara mafia despidio recuerden puso pena nieto mafia,2
junio votar taboada xochitl congreso solo voto narcomorena narcocandidataclaudia miente miente titere aplaudidora patron regana,1
xochitl va ganar datos caso mentira,2
hacen mismo pri dan tantos puntos ventaja mentira xochilt ganara elecciones pueblo quiere ano narco politico morena,1
nombreee xochilt er lugar,1
ma cuenten aca cuantos xochil dejen inventar,1
xochitl solo bolsa mierda,1
vrg xochitl puede tener puntos,4
xochitl galvez presidenta,4
xochitl jajaja ineptos,1
xochitl presidenta,4
xochitl presidenta,4
mil veces xochil,5
xochitl presidenta,4
fechas votar junio van votar morena pt partido verde julio van votar pri pan prd mc puntuales,3
xochitl va presidenta,4
xochitl presidenta,4
vamos xochitl galvez morena capaces traicionar religion seguir dictador puede esperar mexico mexico mere ma xochitl galvez,2
xochitl presidenta,4
quieren hacer creer viva xochitl galvez presidenta,2
xochilt,1
xochitl siiii,4
bien xochitl,5
arriba xochitl,4
vota xochitl,4
xochitl,4
xochitl presidenta,4
xochitl vamos,4
xochitl xochitl,4
plan c,3
xochitl,4
xochitl galvez primera mujer presidenta unidos mexicano,5
xochitl presidenta,4
nombreee xochilt er lugar,1
vrg xochitl puede tener puntos,4
vamos xochitl presidenta,4
mejor opcion xochitl presidenta,4
xochitl quiere quitar beca,2
xochitl,4
xochitl presidente,4
plan x,3
xochitl gana crean chairo corrupto ma vendido galletas animalito,2
xochil,1
xochitl galvez serum proxima presidenta mexico,4
xochitl va da miedo,1
creo si gana xochitl va ser fraude ma descarado,1
vamos puro xochitl,4
plan c,3
len vistazo propuestas xochitl buenas corrupta dicen solo critican cosas innecesarias,2
datos xochitl presidente momia opcion,4
ma partidos politico jugando libertad seguridad publica sistema salud educacion pais colapse economicamente biodiversidad totalmente devastadavamos xochitl,1
mentira xochitl va subiendo,2
plan c,3
xochitl va,4
saquemos kks rata narco presidente momia asesina ninos votemos masivamente xochitl sacar kks rata narco,1
xochitl,4
imposible xochitl ganara tendra ma votos encuestas falsas,2
plan c,3
pues casi asi botarga trae mijo harto tener presidentes ignorantes salidos circo,1
borraste dicen verdades estudian escuela paga bien pendejos votar botarga oh titere,1
totalmente botxrga jamas importado pueblo mexico,1
dice xochitl primero empresarios,5
totalmente acuerdo xochitl asalariado veo carga fiscal patron grandes espero algun dia dar buenos empleos,4
claro cabeza millones empleos imagina q jefa hogar depende toda familia entonces xochitl bajara impuestos,4
igual q xochitl,4
empresarios dan trabajo junio taboada xochitl congreso pan pri prd voto narcoclaudia mentiras titere mc morena aliados,1
xochitl galvez,4
vean botarga importan abajo solo apoyara,1
pues q pueblo primero xochitl galvez,4
estan peor chairos eligieron viejito pesar idea siempre claramente pri s encima desastre todavia defienden,2
segun rebajar impuestos si nunca pagan prefieren dar piecitos teleton jugueton toda campana tv deducir impuestos ma quieres xochitl calmese,1
empresarios pagan impuestos favor qie dice xochitl,1
xochitl preocupa rico,2
conalep produce puro emprendedor botarga ejemplo,4
empresarios dan trabajo junio taboada xochitl congreso pan pri prd voto narcoclaudia mentiras titere mc morena aliados,1
aprendas junio taboada xochitl congreso pan pri prd voto narcoclaudia mentiras corrupta titere mc morena aliados,1
lento aprendizaje junio taboada xochitl congreso pan pri prd voto narcomorena miente desvive traiciona roba mc morena aliados,1
q dan empleo si costo renta alto mejor van pais ma perjudicados trabajadores parece q,4
pocas palabras pan favor empresarios,1
perdon insulto entonces entonces comentario queja hacia pan,4
xochitl dice primero empresarios dice asi ayuda trabajadores tambien empresarios ayuda todoooooosss,4
jajaja imaginate si quiere botarga cero votos,1
empresarios dan trabajo junio taboada xochitl congreso pan pri prd voto narcoclaudia mentiras titere mc morena aliados,1
definitivamente igual q botarga,5
voy xochitl,5
ahi si acuerdo xochitl hablamos solo empresarios tipo ricardo salina si tambien dueno restauransito esquina impuesto vuelve casi,3
ahora resulta wevo debo pensar igual jajaja mal mijaaa gane xochitl,1
veeeeerrrrr mija dando comentario ahora resulta si mismo piensas atacan estan mal ojala gane xochitl,4
xochitl va ganara,5
razon xochitl va ch md,4
auto formal pri sio n,1
digas empresario ma suficiente ahora entiendo apoyo botarga,2
serum xochitl presidenta,5
cochil perdida apoyemos maynez botarga solo quiere dividir voto,2
ver xochilt respondeme pues fobaproa ayudo poquito dinero quitar unas horas hara empresarios cierren,1
cres xochitl dice,4
repito apoyaron pequenos empresarios amigo persona dime cuendo recibieron algun apoyo jamas xochilt solo ayuda arriba nunca pagan,1
elmpueblo mexico morena daremos voto ojala vean morena den menos votos pan pria puedan meter corrieron justicia darles fu,1
gasolina igual ma cara unidos inflacion tremenda unidos ven xochitl lover quieren gasolina peso parte mundo,1
viste mexico pais ma horas trabaja pone ronoso den unas horas descanzo muchacho estudia dios xochitl ingeniera creo estudiado,4
habla xochitl refiere rico verdad do empleadosde empresa tan angustiado,1
quedate gobierno plan dejar pobres pobres sigan apoyando,1
expresidentes anteriormente apoyaban empresarios empresarios nunca apoyaban trabajador xochitl apoyando rico,1
vota xochitl dar explicaciones aqui,4
pagan impuestos xochitl hablando negocio formal,1
sabes botarga xochitlgalvezr estupid sabe expresar sorprende habla,1
vine hacerte compania tambien sigo esperando amorfa galvez aclare vez ma carajos quiso decir,1
vil torpe jaja show botarga,1
ano si ve trabaja pan ve joven mejor siga vida disfrute deje mentir senora ve vida tratado bien si gana pan va ver hueso,1
eugenio garza sada creo tecnologico monterrey formar profesionistas alto nivel ademas ofrecer cursos capacitacion actualizacion crean vialidades carreteras transporte,5
ser auto empleado buena alternativa importante saber diferenciar xochitl quiere apoyar pone ferreteria farmacia tienda quiere apoyar dueno telmex coppel banco azteca gente magnate brutalmente rica mayoria favores gobierno corrupcion,1
empleadora dire tantos impuestos dejan imposible dar salarios ma alto circulo debemos apoyar,1
jajaja nadie tan tonto decir vi completo sostengo sacado contexto igual xochilt hablando indigenas educacion,1
podemos segarnos tipo video entonces xochitl peor dejar indigenas educacion trabajen tercera edad ponerle paraguas sol ay dios jajajaja,1
cierto pacoaistain tambien cierto xochitl quiere paguen menos fisco pagues seguro medico empresarios siempre ganan,1
claro dan empleo bien xochitl apoyando,5
chica tambien emprendedora pequeno local equivoques micro empresa sat condona impuestos salina ojo ahi apoya xochitl grandes empre,4
empresarios generan empleos millones mexicano respuesta inteligente xochitl podemos empresas menos pymes,5
hacian sexenios anteriores pertenece xochitl ricardo salina debe millones fisco cuadra cree,1
igual quelos ano pri,1
pregunta trampa xochitl callo,1
empresarios dan trabajo junio taboada xochitl congreso pan pri prd voto narcoclaudia mentiras titere mc morena aliados,1
si pone muchas trabas empresarios q cree q haran irse paises mucha razon dice xochitl apoya empresario q genere ma inversion aceptara reformas,4
bueno pues asi escuchaste parte xochitl pri pan siempre van querer mejor pinche pri pan siempre van querer mejor empresario,1
cree saca alto delincuentes carcel prianista pina,1
pan empresarios asi ma claro,1
empresarios dan trabajo junio taboada xochitl congreso pan pri prd voto narcoclaudia mentiras titere mc morena aliados,1
very amigo empresa tortilleria esquina ma alto imaginas sabes andas hablando,4
bien dicho botarga rico favor pueblo,5
asi espero q sector obrero q aportan pais apoye xochitl galvez fuerza corazon mexico q xochitl importa apoyar empresarios trabajadores,5
primero fifi dice xochitl,1
jajajaja preocupate vulgar corriente xochitl va ganar preocupes aclaro odio van vienen saludos fifi vemos junio,1
empresarios dan trabajo junio taboada xochitl congreso pan pri prd voto narcoclaudia mentiras titere mc morena aliados,1
chaira derechanga sabes van joder botarga burra va ganar,1
exactamente plan,5
botarga corruptosaurios pueden irse chingar toda repmasi facil,1
botarga deberas sabes q diciendo solo torta respondes,1
xochilt,1
pensar xochitl,1
si ser empresario tontos volveriamos sueldos mediocres boatarga secuestradora pega chicle,1
ose personales impuestos ponerles seguridad mira solucion tan buena ma menos viejo pri pan,1
pensar ma xochitl titere xgonzales asi gato,1
asi robaron abuelito pagar empresarios defiendes fobaproa jajaja afore inventario empresarios pri,1
telo inventas pruebas conoces video xochitl ser politica ayudando gente bajos recursos entonces hace,1
si empresa bueno xochitl si valiste verga pt quitara jaj,1
pensar xochitl piensan,1
hace xochitl,1
xochitl galvez ustedes siempre van favor ricons,5
real xochitl galvez razon,5
ay inocente xochitl habla pymes xochitl habla grandes empresarios mexico pagan campana va beneficiar pareciera viviste pri,1
pan pri siempre favor empresarios subian salario minimo,1
xochitl dijo si ganas menos k mensual pagaras impuestos va quitar responsabilidad financiera empresarios jornada laboral creas impuestos llegan ser necesarios,4
asi habla xochilt,5
asi esay q entender q siempre va defender empresarios trabajadores panpri prd,1
xochitl dice ideal condenarles impuestos empresarios seguro pagan elloslo pagan trabajadores descuentan sueldo,1
raje maynez probablemente ganes claudia xochitl si dejas atras seguramente abajo pri pan,1
madrina galvez favor esclavistas modernos,1
ocasion totalmente acuerdo contigo vio paga campana xochil jejeje saludos maynez,1
